rustc 1.99.0 (b940084d7 2026-09-28)
    Checking rom v0.0.2 (/workspace/ROM/.worktrees/release-query-index/crates/rom)
    Checking reqwest v0.13.5
    Checking axum v0.8.9
    Checking object_store v0.14.2
    Checking rom-backup v0.0.2 (/workspace/ROM/.worktrees/release-query-index/crates/rom-backup)
    Checking rom-sqlite v0.0.2 (/workspace/ROM/.worktrees/release-query-index/crates/rom-sqlite)
    Checking rom-blob v0.0.2 (/workspace/ROM/.worktrees/release-query-index/crates/rom-blob)
    Checking rom-identity v0.0.2 (/workspace/ROM/.worktrees/release-query-index/crates/rom-identity)
    Checking rom-redb v0.0.2 (/workspace/ROM/.worktrees/release-query-index/crates/rom-redb)
    Checking rom-conformance v0.0.2 (/workspace/ROM/.worktrees/release-query-index/crates/rom-conformance)
    Checking rom-http v0.0.2 (/workspace/ROM/.worktrees/release-query-index/crates/rom-http)
    Checking rom-config v0.0.2 (/workspace/ROM/.worktrees/release-query-index/crates/rom-config)
    Checking rom-consumer v0.0.2 (/workspace/ROM/.worktrees/release-query-index/examples/consumer)
    Checking rom-studio-host v0.0.2 (/workspace/ROM/.worktrees/release-query-index/crates/rom-studio-host)
    Checking rom-blob-object-store v0.0.2 (/workspace/ROM/.worktrees/release-query-index/crates/rom-blob-object-store)
    Checking rom-demo v0.0.2 (/workspace/ROM/.worktrees/release-query-index/demo)
    Checking rom-query-measure v0.0.2 (/workspace/ROM/.worktrees/release-query-index/tools/query-measure)
    Checking rom-derive v0.0.2 (/workspace/ROM/.worktrees/release-query-index/crates/rom-derive)
    Checking rom-cli v0.0.2 (/workspace/ROM/.worktrees/release-query-index/crates/rom-cli)
    Checking rom-storage-conformance v0.0.2 (/workspace/ROM/.worktrees/release-query-index/tests/persistence)
    Checking rom-auth v0.0.2 (/workspace/ROM/.worktrees/release-query-index/crates/rom-auth)
    Finished `dev` profile [unoptimized + debuginfo] target(s) in 12.12s
   Compiling rom v0.0.2 (/workspace/ROM/.worktrees/release-query-index/crates/rom)
   Compiling reqwest v0.13.5
   Compiling rom-backup v0.0.2 (/workspace/ROM/.worktrees/release-query-index/crates/rom-backup)
   Compiling rom-sqlite v0.0.2 (/workspace/ROM/.worktrees/release-query-index/crates/rom-sqlite)
   Compiling rom-blob v0.0.2 (/workspace/ROM/.worktrees/release-query-index/crates/rom-blob)
   Compiling rom-identity v0.0.2 (/workspace/ROM/.worktrees/release-query-index/crates/rom-identity)
   Compiling rom-redb v0.0.2 (/workspace/ROM/.worktrees/release-query-index/crates/rom-redb)
   Compiling rom-conformance v0.0.2 (/workspace/ROM/.worktrees/release-query-index/crates/rom-conformance)
   Compiling axum v0.8.9
   Compiling object_store v0.14.2
   Compiling rom-http v0.0.2 (/workspace/ROM/.worktrees/release-query-index/crates/rom-http)
   Compiling rom-config v0.0.2 (/workspace/ROM/.worktrees/release-query-index/crates/rom-config)
   Compiling rom-blob-object-store v0.0.2 (/workspace/ROM/.worktrees/release-query-index/crates/rom-blob-object-store)
   Compiling rom-consumer v0.0.2 (/workspace/ROM/.worktrees/release-query-index/examples/consumer)
   Compiling rom-demo v0.0.2 (/workspace/ROM/.worktrees/release-query-index/demo)
   Compiling rom-studio-host v0.0.2 (/workspace/ROM/.worktrees/release-query-index/crates/rom-studio-host)
   Compiling rom-query-measure v0.0.2 (/workspace/ROM/.worktrees/release-query-index/tools/query-measure)
   Compiling rom-cli v0.0.2 (/workspace/ROM/.worktrees/release-query-index/crates/rom-cli)
   Compiling rom-storage-conformance v0.0.2 (/workspace/ROM/.worktrees/release-query-index/tests/persistence)
   Compiling rom-auth v0.0.2 (/workspace/ROM/.worktrees/release-query-index/crates/rom-auth)
   Compiling rom-derive v0.0.2 (/workspace/ROM/.worktrees/release-query-index/crates/rom-derive)
    Finished `test` profile [unoptimized + debuginfo] target(s) in 1m 25s
     Running unittests src/lib.rs (/var/tmp/rom-release-measured-verification-target/debug/deps/rom-47eb395e61c77bf2)

running 90 tests
test query_storage::tests::checked_score_rejects_addition_overflow_and_unrelated_snapshot_identity ... ok
test query_storage::tests::default_read_delegates_to_one_bounded_snapshot ... ok
test query_storage::tests::legacy_adapter_does_not_claim_runtime_ownership ... ok
test query_storage::tests::canonical_candidate_bytes_do_not_claim_stored_text_length ... ok
test query_storage::tests::public_scalar_classification_preserves_wrapped_container_boundary ... ok
test query_storage::tests::native_rejects_unknown_response_profiles_and_duplicate_candidates ... ok
test query_storage::tests::native_admits_whole_kind_and_rejects_inconsistent_responses ... ok
test query_storage::tests::reference_preserves_validation_order_and_sorts_ids ... ok
test query_storage::tests::scalar_wrappers_and_unreferenced_containers_are_eligible ... ok
test query_storage::tests::selector_rejects_opaque_unknown_shapes_versions_and_identity ... ok
test query_storage::tests::selector_requires_exact_capability_binding_and_strict_checked_saving ... ok
test reaction_work::delivery_profile_tests::generic_finish_retry_cannot_make_started_unknown_delivery_resendable ... ok
test reaction_work::delivery_profile_tests::expired_hold_conversion_does_not_skip_other_ready_work ... ok
test reaction_work::revision_tests::bounded_snapshot_rejects_colliding_opaque_handles ... ok
test reaction_work::delivery_profile_tests::another_records_revision_overflow_rolls_back_prior_hold_conversion ... ok
test reaction_work::delivery_profile_tests::panicked_hold_profile_fences_without_consuming_retry_budgets ... ok
test reaction_work::delivery_profile_tests::default_profile_plain_retry_keeps_existing_unknown_delivery_policy ... ok
test reaction_work::delivery_profile_tests::timed_out_hold_profile_fences_without_consuming_retry_budgets ... ok
test reaction_work::delivery_profile_tests::verified_not_accepted_releases_hold_under_original_budgets ... ok
test reaction_work::delivery_profile_tests::verified_accepted_completes_hold_without_retrying_or_consuming_budget ... ok
test reaction_work::delivery_profile_tests::expired_started_delivery_holds_while_active_and_unstarted_leases_are_not_held ... ok
test reaction_work::revision_tests::delivery_updates_increment_once_and_preserve_claim_generation ... ok
test reaction_work::revision_tests::bounded_snapshot_versions_invalidate_delivery_views ... ok
test reaction_work::revision_tests::finish_preserves_attempt_and_root_budget_precedence_when_age_also_expires ... ok
test reaction_work::delivery_profile_tests::unknown_hold_profile_fences_without_consuming_retry_budgets ... ok
test resource::definition::tests::explicit_denial_never_calls_decoder_or_grants_field_access ... ok
test reaction_work::revision_tests::claim_retry_and_terminal_updates_invalidate_each_prior_revision ... ok
test resource::definition::tests::explicit_read_rule_replaces_reads_and_keeps_row_dependent_writes ... ok
test resource::definition::tests::later_policy_restores_opaque_reads_and_later_read_policy_replaces_only_reads ... ok
test resource::definition::tests::only_explicit_whole_field_grant_sets_proof_and_field_override_clears_it ... ok
test resource::definition::tests::explicit_reads_skip_decoder_but_writes_and_field_disclosure_keep_it ... ok
test reaction_work::delivery_profile_tests::plain_retry_cannot_bypass_unresolved_evidence_after_a_lifecycle_stop ... ok
test resource::input_descriptor_tests::derived_optional_nullable_input_members_preserve_missing_null_and_false ... ok
test resource::input_descriptor_tests::descriptors_reject_ambiguous_or_invalid_metadata ... ok
test resource::input_descriptor_tests::builtin_wrappers_preserve_leaf_codec_and_explicit_presentation_path ... ok
test resource::input_descriptor_tests::codec_wrapper_paths_must_match_the_declared_shape ... ok
test reaction_work::revision_tests::revision_overflow_rejects_claim_without_consuming_budget ... ok
test resource::input_descriptor_tests::standalone_presence_keeps_its_existing_tagged_codec_and_is_opaque ... ok
test resource::input_descriptor_tests::manual_and_derived_inputs_share_metadata_and_codec_results ... ok
test resource::input_descriptor_tests::typed_inputs_describe_their_actual_wire_values ... ok
test storage_ownership::tests::storage_ownership_clones_share_claim_and_guard_outlives_helper ... ok
test reaction_work::revision_tests::rejected_updates_preserve_revision_and_all_budgets ... ok
test storage_ownership::tests::storage_ownership_excludes_until_guard_drops ... ok
test reaction_work::delivery_profile_tests::confirmed_delivery_outcomes_keep_existing_terminal_and_retry_semantics ... ok
test resource::input_descriptor_tests::field_bindings_reject_duplicate_unknown_and_invalid_codec_identities ... ok
test storage_state::maintenance_tests::empty_state_never_calls_transform ... ok
test storage_ownership::tests::storage_ownership_guard_can_move_between_threads ... ok
test storage_state::maintenance_tests::row_mapping_changes_only_resource_values_and_is_atomic_on_error ... ok
test storage_state::maintenance_tests::tombstone_mapping_does_not_restore_a_live_value ... ok
test reaction_work::delivery_profile_tests::retry_profiles_keep_frozen_identity_and_default_unknown_retry ... ok
test reaction_work::revision_tests::materialization_versions_parent_and_initializes_children ... ok
test reaction_work::revision_tests::restore_invalidates_revision_and_overflow_is_atomic ... ok
test reaction_work::delivery_profile_tests::uncertainty_holds_at_exhausted_budgets_and_verified_rejection_retains_stop_precedence ... ok
test storage_state::maintenance_tests::mapping_rejects_growth_that_fits_current_bytes_but_consumes_lifecycle_reserve ... ok
test storage_state::maintenance_tests::work_expansion_preserves_lifecycle_capacity_and_rolls_back ... ok
test storage_state::operator_tests::invalid_snapshot_generation_and_archive_generation_are_rejected ... ok
test storage_state::operator_tests::byte_capacity_and_revision_overflow_cannot_leave_a_receipt ... ok
test storage_state::operator_tests::malformed_claim_identity_cannot_publish_candidate_before_error ... ok
test storage_state::operator_tests::exact_replay_precedes_cas_and_preserves_identity_budgets ... ok
test storage_state::operator_tests::current_receipt_decoding_requires_prior_state_and_explicit_delivery ... ok
test storage_state::operator_tests::frozen_action_resolution_completes_without_consuming_attempts_or_mutation_budget ... ok
test reaction_work::delivery_profile_tests::restore_holds_only_unresolved_started_profile_and_fences_each_lease_once ... ok
test storage_state::operator_tests::active_leases_hard_budgets_and_wrong_decisions_are_refused ... ok
test storage_state::maintenance_tests::state_mapping_rolls_back_journal_and_work_if_a_later_transform_fails ... ok
test reaction_work::delivery_profile_tests::hold_generation_or_revision_overflow_rolls_back_all_candidate_changes ... ok
test storage_state::maintenance_tests::journal_expansion_rejects_without_eviction_or_partial_changes ... ok
test storage_state::operator_tests::delivery_profile_and_operator_metadata_are_required_and_category_checked ... ok
test storage_state::maintenance_tests::state_mapping_preserves_obligation_identity_lifecycle_and_opaque_payloads ... ok
test storage_state::operator_tests::archive_validation_rejects_incoherent_retained_prior_control_states ... ok
test storage_state::operator_tests::retry_cannot_bypass_fanout_stops ... ok
test storage_state::operator_tests::epochs_control_new_admission_and_replay_without_destroying_historical_receipts ... ok
test storage_state::operator_tests::receipt_capacity_cannot_block_worker_completion_or_restore_replay ... ok
test storage_state::retention_tests::bundle_cannot_persist_future_or_unrelated_reaction_epochs ... ok
test storage_state::retention_tests::archive_and_enqueue_reject_inconsistent_work_epochs ... ok
test storage_state::retention_tests::retry_epoch_defaults_and_journal_retention_are_explicit_and_repeatable ... ok
test storage_state::retention_tests::invalid_retention_never_mutates_state ... ok
test storage_state::operator_tests::persisted_hold_is_not_claimable_and_requires_verified_reconciliation ... ok
test storage_state::retention_tests::replay_floor_and_resolution_only_claims_cannot_be_bypassed ... ok
test storage_state::retention_tests::causal_admission_requires_the_current_stored_claim_in_the_same_epoch ... ok
test storage_state::operator_tests::snapshot_charges_receipts_and_all_metadata_without_truncation ... ok
test storage_state::retention_tests::archive_requires_action_epoch_to_match_cause_and_floors_to_cover_obligations ... ok
test storage_state::retention_tests::materialization_cannot_change_the_parent_epoch ... ok
test storage_state::operator_tests::stale_versions_and_receipt_limits_reject_atomically ... ok
test storage_state::operator_tests::unverified_receipt_evidence_and_invalid_retained_epoch_fail_archive_validation ... ok
test storage_state::retention_tests::work_update_rejects_action_epoch_mismatch_without_finishing_source ... ok
test storage_state::operator_tests::reconciliation_preserves_original_budgets_and_fences_stale_completion ... ok
test storage_state::operator_tests::stopped_action_retry_retains_redacted_failure_history_through_replay_retirement_and_restore ... ok
test storage_state::retention_tests::retention_removes_complete_roots_and_preserves_newer_budgets ... ok
test storage_state::retention_tests::unresolved_or_unknown_roots_block_retention_atomically ... ok
test storage_state::retention_tests::only_accepted_done_notifications_are_retirable ... ok

test result: ok. 90 passed; 0 failed; 0 ignored; 0 measured; 0 filtered out; finished in 0.01s

     Running tests/json.rs (/var/tmp/rom-release-measured-verification-target/debug/deps/json-37196f415f44782a)

running 3 tests
test duplicate_keys_fail_at_any_depth_with_one_safe_error ... ok
test public_decoder_accepts_complete_json_roots_and_preserves_values ... ok
test invalid_trailing_and_excessively_nested_input_share_safe_errors ... ok

test result: ok. 3 passed; 0 failed; 0 ignored; 0 measured; 0 filtered out; finished in 0.00s

     Running tests/operator_protocol.rs (/var/tmp/rom-release-measured-verification-target/debug/deps/operator_protocol-ae657a8b175ce1fe)

running 9 tests
test handles_are_stable_opaque_and_canonical ... ok
test control_identifiers_and_evidence_are_bounded_before_submission ... ok
test persisted_reconciliation_hold_has_a_public_safe_status ... ok
test individual_outputs_validate_nested_fields_and_complete_envelope_bytes ... ok
test page_rejects_wrong_protocol_on_envelope_and_nested_view ... ok
test page_rejects_nested_fields_its_json_decoder_cannot_accept ... ok
test page_charges_full_envelope_and_record_count_after_nested_validation ... ok
test query_and_response_bounds_reject_zero_oversized_and_overflow ... ok
test requests_reject_unknown_fields_at_each_boundary ... ok

test result: ok. 9 passed; 0 failed; 0 ignored; 0 measured; 0 filtered out; finished in 0.00s

     Running tests/reference_schema.rs (/var/tmp/rom-release-measured-verification-target/debug/deps/reference_schema-8e96457bdb1af649)

running 5 tests
test absence_null_and_tombstones_have_no_live_edges ... ok
test catalog_validation_checks_targets_duplicates_and_canonical_order ... ok
test descriptors_round_trip_and_reject_invalid_layouts ... ok
test malformed_reference_values_fail_instead_of_omitting_edges ... ok
test nested_references_are_unique_and_preserve_full_identity ... ok

test result: ok. 5 passed; 0 failed; 0 ignored; 0 measured; 0 filtered out; finished in 0.00s

     Running tests/replay_versions.rs (/var/tmp/rom-release-measured-verification-target/debug/deps/replay_versions-4b3a39343f059781)

running 9 tests
test replay_registration_rejects_wrong_kind_current_future_and_duplicate_versions ... ok
test current_receipt_never_tries_a_legacy_codec_that_would_match ... ok
test current_authority_denial_precedes_legacy_normalization ... ok
test exact_legacy_codec_is_used_even_when_the_current_codec_accepts_input ... ok
test unmarked_unmigrated_receipt_uses_the_current_catalog_version ... ok
test legacy_codec_panic_does_not_poison_the_runtime_gate ... ok
test renamed_create_replays_original_fingerprint_and_never_admits_legacy_fresh_writes ... ok
test renamed_patch_replays_with_the_original_field_codec ... ok
test unavailable_legacy_codec_fails_closed_without_reexecution ... ok

test result: ok. 9 passed; 0 failed; 0 ignored; 0 measured; 0 filtered out; finished in 0.00s

     Running tests/retry_epochs.rs (/var/tmp/rom-release-measured-verification-target/debug/deps/retry_epochs-8295f9b2efb79826)

running 6 tests
test omitted_wire_epoch_stays_zero ... ok
test epoch_query_checks_current_actor_authority ... ok
test epochs_validate_order_and_builder_fence_detects_rollback ... ok
test floors_are_rechecked_after_normalization_and_after_proposal_work ... ok
test sealed_epochs_replay_but_never_admit_fresh_input_and_expired_receipts_fail_closed ... ok
test epochs_separate_identity_and_zero_preserves_the_legacy_identity ... ok

test result: ok. 6 passed; 0 failed; 0 ignored; 0 measured; 0 filtered out; finished in 0.00s

     Running tests/storage_ownership.rs (/var/tmp/rom-release-measured-verification-target/debug/deps/storage_ownership-4e7281ffbaec25e7)

running 4 tests
test storage_ownership_pure_validation_precedes_acquisition ... ok
test storage_ownership_failed_registration_releases_claim ... ok
test storage_ownership_excludes_wrapped_and_direct_builders_before_storage_reads ... ok
test storage_ownership_shutdown_retains_claim_until_last_runtime_drops ... ok

test result: ok. 4 passed; 0 failed; 0 ignored; 0 measured; 0 filtered out; finished in 0.00s

     Running unittests src/lib.rs (/var/tmp/rom-release-measured-verification-target/debug/deps/rom_auth-95d3b4e98f6f571b)

running 0 tests

test result: ok. 0 passed; 0 failed; 0 ignored; 0 measured; 0 filtered out; finished in 0.00s

     Running tests/oidc.rs (/var/tmp/rom-release-measured-verification-target/debug/deps/oidc-88bfb2bbfe18f09e)

running 11 tests
test oidc_keys::symmetric_algorithm_cannot_use_an_issuer_rsa_key_or_fetch_keys ... ok
test oidc_keys::positional_header_array_is_rejected_before_host_key_acquisition ... ok
test id_token_constructs_sealed_bounded_human_proof_with_explicit_profile ... ok
test old_access_verifier_rejects_id_tokens_and_oidc_rejects_access_type ... ok
test oidc_keys::expired_keys_refresh_completely_and_evidence_never_outlives_cached_keys ... ok
test header_trust_and_host_context_bounds_reject_before_key_acquisition ... ok
test present_hashes_bind_the_original_returned_tokens_and_cannot_be_ignored ... ok
test multi_audience_requires_explicit_trust_and_client_authorized_party ... ok
test oidc_keys::invalid_header_never_fetches_and_invalid_complete_key_sets_never_issue_proof ... ok
test declared_claim_and_configuration_limits_reject_ambiguous_values ... ok
test wrong_signature_binding_nonce_times_or_missing_claims_never_construct_proof ... ok

test result: ok. 11 passed; 0 failed; 0 ignored; 0 measured; 0 filtered out; finished in 0.12s

     Running tests/profiles.rs (/var/tmp/rom-release-measured-verification-target/debug/deps/profiles-05c8b062fc65fc54)

running 0 tests

test result: ok. 0 passed; 0 failed; 0 ignored; 0 measured; 0 filtered out; finished in 0.00s

     Running unittests src/lib.rs (/var/tmp/rom-release-measured-verification-target/debug/deps/rom_backup-c2fa2e47fdafcbee)

running 26 tests
test native_ownership::lock::tests::post_lock_permission_and_link_changes_are_not_accepted ... ok
test native_ownership::path::tests::a_new_symlink_or_hardlink_cannot_replace_a_reserved_absent_path ... ok
test native_ownership::lifetime_tests::incidental_descriptor_duplicate_does_not_extend_guard_ownership ... ok
test native_ownership::lock::tests::sidecar_replacement_is_detected_while_the_original_inode_remains_locked ... ok
test epoch_upgrade_tests::physical_records_share_logical_collector_budgets_without_entering_snapshot ... ok
test native_ownership::path::tests::database_replacement_or_disappearance_fails_the_post_lock_identity_check ... ok
test publication::tests::native_finalization_rejects_replaced_destination_without_removal ... ok
test publication::tests::native_finalization_refuses_unknown_additional_hard_links ... ok
test publication::tests::native_finalization_rejects_before_publication_without_removal ... ok
test epoch_upgrade_tests::current_decoder_requires_each_recovery_metadata_field ... ok
test publication::tests::native_publication_child ... ok
test epoch_upgrade_tests::operator_receipts_count_toward_collector_archive_and_maintenance_bounds ... ok
test epoch_upgrade_tests::legacy_decoder_rejects_injected_recovery_metadata ... ok
test publication::tests::native_finalization_removes_only_the_private_alias_and_keeps_reservation ... ok
test publication::tests::native_finalization_rejects_symlinks_and_missing_private_artifacts ... ok
test tests::publication_race_and_symlink_refuse_overwrite ... ok
test epoch_upgrade_tests::current_snapshot_upgrade_checks_catalog_integrity_and_complete_bounds ... ok
test epoch_upgrade_tests::current_archive_and_restore_preserve_reconciliation_hold_and_profile ... ok
test epoch_upgrade_tests::archive_four_upgrades_genuine_legacy_work_without_current_metadata ... ok

running 1 test
test tests::explicit_legacy_archive_upgrade_preserves_data_and_requires_descriptors ... ok
test epoch_upgrade_tests::archive_restore_and_retention_preserve_historical_operator_receipts ... ok
test tests::reader_rejects_valid_checksum_wrong_format_counts_or_metadata ... ok
test tests::catalogued_archive_upgrade_preserves_or_binds_receipt_origin ... ok
test publication::tests::native_publication_exit_before_link_leaves_destination_absent ... ok

running 1 test
test epoch_upgrade_tests::archive_four_requires_explicit_upgrade_and_preserves_epochs_and_origins ... ok
test publication::tests::native_publication_exit_after_link_requires_exact_artifact_recovery ... ok

test result: ok. 26 passed; 0 failed; 0 ignored; 0 measured; 0 filtered out; finished in 0.02s

     Running tests/migration_codecs.rs (/var/tmp/rom-release-measured-verification-target/debug/deps/migration_codecs-a1ffd3f1eea1011f)

running 3 tests
test migration_rejects_noncanonical_source_before_running_converter ... ok
test migration_rejects_target_bytes_that_decode_to_a_different_value ... ok
test canonical_custom_codecs_still_migrate ... ok

test result: ok. 3 passed; 0 failed; 0 ignored; 0 measured; 0 filtered out; finished in 0.00s

     Running tests/migrations.rs (/var/tmp/rom-release-measured-verification-target/debug/deps/migrations-d7db761a3a69999c)

running 5 tests
test typed_migration_converts_history_and_preserves_identity_and_codec_version ... ok
test versions_catalog_panics_and_budgets_fail_closed ... ok
test ordered_steps_preserve_first_receipt_version_across_interleaved_kinds ... ok
test work_requires_explicit_validation_after_source_conversion ... ok
test conversion_memoizes_repeated_values_and_contains_validator_panics_and_growth ... ok

test result: ok. 5 passed; 0 failed; 0 ignored; 0 measured; 0 filtered out; finished in 0.00s

     Running tests/native_ownership.rs (/var/tmp/rom-release-measured-verification-target/debug/deps/native_ownership-6312029aca4488d3)

running 10 tests
test paths::metadata_errors_do_not_become_missing_file_creation ... ok
test paths::dangling_symlinks_hardlinks_nonregular_databases_and_reserved_names_are_rejected ... ok
test paths::missing_parent_aliases_and_non_utf8_names_preserve_native_path_identity ... ok
test processes::ownership_child ... ok
test paths::missing_paths_are_reserved_without_creating_databases_and_fresh_guard_can_transfer ... ok
test paths::separate_opens_conflict_until_guard_drop_and_keep_the_same_sidecar ... ok
test paths::relative_and_symlink_aliases_share_one_canonical_owner ... ok
test paths::unsafe_owner_sidecars_are_rejected_without_following_or_truncating_them ... ok
test processes::process_exit_releases_ownership_without_sidecar_removal ... ok
test processes::two_processes_contend_before_a_fresh_database_is_created ... ok

test result: ok. 10 passed; 0 failed; 0 ignored; 0 measured; 0 filtered out; finished in 0.02s

     Running tests/references.rs (/var/tmp/rom-release-measured-verification-target/debug/deps/references-ae4ca97e12647b50)

running 5 tests
test exact_edges_do_not_make_dangling_references_valid ... ok
test legacy_binding_rejects_missing_schema_dangling_values_and_output_limits ... ok
test collector_charges_schema_and_edge_records ... ok
test archive_requires_exact_live_reference_graph ... ok
test legacy_binding_preserves_records_and_builds_only_current_edges ... ok

test result: ok. 5 passed; 0 failed; 0 ignored; 0 measured; 0 filtered out; finished in 0.00s

     Running tests/retention.rs (/var/tmp/rom-release-measured-verification-target/debug/deps/retention-b3b4ca251d2d449b)

running 6 tests
test proof_selection_is_order_independent_and_future_receipts_are_invalid ... ok
test expiry_reclaims_noops_but_keeps_one_current_proof_and_journal_gap ... ok
test retained_journal_and_unsettled_effects_pin_history ... ok
test invalid_policy_and_limits_reject_without_partial_result ... ok
test unfinished_root_blocks_settlement_and_any_retained_work_blocks_purge ... ok
test sealing_keeps_retry_history_and_explicit_purge_rejects_dependencies ... ok

test result: ok. 6 passed; 0 failed; 0 ignored; 0 measured; 0 filtered out; finished in 0.00s

     Running unittests src/lib.rs (/var/tmp/rom-release-measured-verification-target/debug/deps/rom_blob-6b01e16c2c35271a)

running 0 tests

test result: ok. 0 passed; 0 failed; 0 ignored; 0 measured; 0 filtered out; finished in 0.00s

     Running tests/lifecycle.rs (/var/tmp/rom-release-measured-verification-target/debug/deps/lifecycle-2f366c561357a849)

running 13 tests
test conflicting_or_partial_input_never_publishes ... ok
test generic_invocation_cannot_forge_ready_or_replace_pending_with_ready ... ok
test backend_panic_releases_work_and_closes_service ... ok
test service_reports_exact_runtime_and_validated_transport_limits ... ok
test changed_reservation_returns_explicit_unattached_object ... ok
test pending_detachment_keeps_one_cleanup_identity_and_cannot_publish ... ok
test lost_metadata_ack_is_explicit_and_retry_resolves_one_attachment ... ok
test revocation_during_backend_read_prevents_disclosure ... ok
test complete_verified_upload_is_attached_and_private ... ok
test unknown_object_ack_retries_complete_input_without_overwrite ... ok
test input_bounds_and_timeout_publish_nothing ... ok
test canceled_waiter_retains_capacity_and_shutdown_drains_publication ... ok
test shutdown_releases_all_adapter_owners_before_return ... ok

test result: ok. 13 passed; 0 failed; 0 ignored; 0 measured; 0 filtered out; finished in 0.11s

     Running unittests src/lib.rs (/var/tmp/rom-release-measured-verification-target/debug/deps/rom_blob_object_store-67538b80f98df055)

running 0 tests

test result: ok. 0 passed; 0 failed; 0 ignored; 0 measured; 0 filtered out; finished in 0.00s

     Running tests/conformance.rs (/var/tmp/rom-release-measured-verification-target/debug/deps/conformance-e75090a2ef617650)

running 5 tests
test real_s3_lost_publish_response_is_unknown_and_reconcilable ... ignored, requires disposable real MinIO; run verify-s3
test real_s3_uses_identical_contract ... ignored, requires disposable real MinIO; run verify-s3
test physical_keys_and_remote_endpoint_policy_reject_unsafe_input ... ok
test folder_atomic_create_bounds_and_reopen ... ok
test folder_and_sqlite_restart_recover_real_attachment_and_detachment ... ok

test result: ok. 3 passed; 0 failed; 2 ignored; 0 measured; 0 filtered out; finished in 0.01s

     Running unittests src/main.rs (/var/tmp/rom-release-measured-verification-target/debug/deps/rom-fee67d50d5d5daf0)

running 1 test
test sse::tests::crlf_bytes_all_count_against_frame_budget ... ok

test result: ok. 1 passed; 0 failed; 0 ignored; 0 measured; 0 filtered out; finished in 0.11s

     Running tests/commands.rs (/var/tmp/rom-release-measured-verification-target/debug/deps/commands-67311457fea0d41d)

running 3 tests
test help_lists_generic_operations_and_recovery_contract ... ok
test mutation_requires_explicit_key_and_revision ... ok
test invalid_urls_and_payloads_fail_before_network_without_echoing_input ... ok

test result: ok. 3 passed; 0 failed; 0 ignored; 0 measured; 0 filtered out; finished in 0.05s

     Running tests/failures.rs (/var/tmp/rom-release-measured-verification-target/debug/deps/failures-20297785f1b28dca)

running 13 tests
test auth_file_header_injection_and_oversize_are_local_redacted_failures ... ok
test mutation_interrupt_does_not_wait_for_a_full_stderr_pipe ... ok
test interrupt_during_mutation_returns_uncertain_130 ... ok
test output_escapes_terminal_controls_in_values_and_identifiers ... ok
test authorization_revoked_after_commit_is_uncertain_but_state_is_durable ... ok
test arbitrary_actor_gate_error_after_commit_cannot_prove_rejection ... ok
test environment_proxy_is_not_used ... ok
test redirect_is_not_followed_or_treated_as_a_success ... ok
test strict_json_matches_http_duplicate_key_rejection ... ok
test committed_mutation_with_lost_http_reply_recovers_only_with_original_identity ... ok
test invalid_responses_are_transport_errors_for_reads_and_uncertain_for_mutations ... ok
test response_identities_and_journal_continuity_match_the_request ... ok
test remote_categories_do_not_invent_rollback_and_never_echo_body ... ok

test result: ok. 13 passed; 0 failed; 0 ignored; 0 measured; 0 filtered out; finished in 0.28s

     Running tests/loopback.rs (/var/tmp/rom-release-measured-verification-target/debug/deps/loopback-0d4b7b344f348a0d)

running 3 tests
test partial_projection_preserves_null_absence_false_and_exact_u64 ... ok
test real_live_and_journal_streams_flush_updates_and_stop_on_revocation ... ok
test two_kinds_use_same_binary_protocol_on_both_adapters ... ok

test result: ok. 3 passed; 0 failed; 0 ignored; 0 measured; 0 filtered out; finished in 0.93s

     Running tests/operator.rs (/var/tmp/rom-release-measured-verification-target/debug/deps/operator-d879ca77ec66b9de)

running 14 tests
test control_revision_transition_cannot_wrap_at_the_numeric_limit ... ok
test configured_host_page_above_the_default_still_fits_the_cli_bounds ... ok
test object_shape::operator_input_files_reject_top_level_positional_arrays ... ok
test object_shape::operator_responses_reject_top_level_positional_arrays ... ok
test capability_denial_and_untrusted_provider_errors_remain_sanitized ... ok
test work_commands_map_exactly_to_public_operator_requests ... ok
test lost_control_reply_replays_the_exact_file_only_after_an_explicit_new_command ... ok
test list_and_show_responses_respect_scope_filters_uniqueness_and_limits ... ok
test reconcile_outcomes_and_exact_replay_have_their_declared_versions ... ok
test malformed_operator_files_and_wrong_operations_fail_before_submission ... ok
test reconciliation::verified_reconciliation_completes_without_resending_and_replays_exactly ... ok
test control_responses_match_request_identity_operation_and_version_transition ... ok
test signals::control_interrupt_does_not_wait_on_blocked_stdout_or_stderr ... ok
test native::real_operator_commands_inspect_retry_and_replay_without_domain_or_provider_effects ... ok

test result: ok. 14 passed; 0 failed; 0 ignored; 0 measured; 0 filtered out; finished in 0.56s

     Running tests/retry_epochs.rs (/var/tmp/rom-release-measured-verification-target/debug/deps/retry_epochs-4f4e3fdd5ef9922d)

running 1 test
test explicit_epoch_is_sent_unchanged_and_expiry_never_triggers_automatic_retry ... ok

test result: ok. 1 passed; 0 failed; 0 ignored; 0 measured; 0 filtered out; finished in 0.24s

     Running tests/streaming.rs (/var/tmp/rom-release-measured-verification-target/debug/deps/streaming-80383440d5805119)

running 6 tests
test completed_snapshot_is_emitted_before_stream_loss ... ok
test fragmented_multiline_crlf_keeps_whole_batches_and_explicit_errors ... ok
test journal_stream_keeps_prior_generation_and_position_between_frames ... ok
test malformed_oversized_and_unfinished_streams_stop_without_success ... ok
test closed_stdout_stops_stream_cleanly_and_ctrl_c_exits_a_blocked_pipe ... ok
test inactive_stream_times_out ... ok

test result: ok. 6 passed; 0 failed; 0 ignored; 0 measured; 0 filtered out; finished in 1.02s

     Running unittests src/lib.rs (/var/tmp/rom-release-measured-verification-target/debug/deps/rom_config-6bd7e4e67678c502)

running 0 tests

test result: ok. 0 passed; 0 failed; 0 ignored; 0 measured; 0 filtered out; finished in 0.00s

     Running tests/ingestion.rs (/var/tmp/rom-release-measured-verification-target/debug/deps/ingestion-235422e153fdfd71)

running 8 tests
test reading_activation_does_not_grant_its_worker_identity ... ok
test target_codec_diagnostics_are_redacted_at_ingestion_boundary ... ok
test explicit_reload_epoch_survives_ticket_recovery_without_automatic_renewal ... ok
test invalid_new_request_preserves_last_valid_and_supersedes_old_completion ... ok
test disabled_then_reenabled_source_does_not_restore_old_ticket_authority ... ok
test native_users_and_trust_configuration_use_the_same_acceptance_pipeline ... ok
test metadata_only_reload_expiry_and_explicit_delete_have_distinct_semantics ... ok
test both_adapters_recover_atomic_provenance_and_original_identity_after_lost_ack ... ok

test result: ok. 8 passed; 0 failed; 0 ignored; 0 measured; 0 filtered out; finished in 0.04s

     Running tests/parser.rs (/var/tmp/rom-release-measured-verification-target/debug/deps/parser-aad96916c7f972e6)

running 3 tests
test parser_errors_and_debug_do_not_disclose_values_or_paths ... ok
test ambiguous_duplicate_values_and_nonobjects_are_rejected ... ok
test both_formats_preserve_types_and_literal_fields_without_path_merging ... ok

test result: ok. 3 passed; 0 failed; 0 ignored; 0 measured; 0 filtered out; finished in 0.00s

     Running unittests src/lib.rs (/var/tmp/rom-release-measured-verification-target/debug/deps/rom_conformance-e57764da704be3d5)

running 0 tests

test result: ok. 0 passed; 0 failed; 0 ignored; 0 measured; 0 filtered out; finished in 0.00s

     Running tests/blob.rs (/var/tmp/rom-release-measured-verification-target/debug/deps/blob-dee6ab2944d25e32)

running 1 test
test overwriting_blob_adapter_fails_named_immutable_create_case ... ok

test result: ok. 1 passed; 0 failed; 0 ignored; 0 measured; 0 filtered out; finished in 0.00s

     Running tests/public_contract.rs (/var/tmp/rom-release-measured-verification-target/debug/deps/public_contract-50378129a40bed40)

running 4 tests
test incorrect_canonical_output_is_rejected ... ok
test invalid_codec_reports_safe_named_case ... ok
test wrong_profile_reports_safe_named_case ... ok
test public_codec_uses_explicit_canonical_and_typed_values ... ok

test result: ok. 4 passed; 0 failed; 0 ignored; 0 measured; 0 filtered out; finished in 0.00s

     Running unittests src/lib.rs (/var/tmp/rom-release-measured-verification-target/debug/deps/rom_consumer-49fed1ab72b16d75)

running 0 tests

test result: ok. 0 passed; 0 failed; 0 ignored; 0 measured; 0 filtered out; finished in 0.00s

     Running unittests src/main.rs (/var/tmp/rom-release-measured-verification-target/debug/deps/rom_consumer-f7f8197a13dedf8a)

running 0 tests

test result: ok. 0 passed; 0 failed; 0 ignored; 0 measured; 0 filtered out; finished in 0.00s

     Running tests/actor_gate.rs (/var/tmp/rom-release-measured-verification-target/debug/deps/actor_gate-354a4712a922c546)

running 3 tests
test principal_kind_separates_receipt_and_revocation_identity ... ok
test gate_runs_on_bounded_io_and_denies_cached_receipt_and_live_delivery ... ok
test gate_reads_are_bounded_and_policy_panic_fails_closed ... ok

test result: ok. 3 passed; 0 failed; 0 ignored; 0 measured; 0 filtered out; finished in 0.00s

     Running tests/bounds.rs (/var/tmp/rom-release-measured-verification-target/debug/deps/bounds-ef1bedc82968d4dc)

running 4 tests
test live_closes_on_shutdown ... ok
test subscription_capacity_released_on_drop ... ok
test zero_and_payload_limits_are_explicit ... ok
test snapshot_limits_reject_before_return ... ok

test result: ok. 4 passed; 0 failed; 0 ignored; 0 measured; 0 filtered out; finished in 0.00s

     Running tests/capacity_configuration.rs (/var/tmp/rom-release-measured-verification-target/debug/deps/capacity_configuration-f838b6f572421284)

running 2 tests
test maximum_concurrency_is_valid_and_reported ... ok
test invalid_concurrency_returns_error_without_unwinding ... ok

test result: ok. 2 passed; 0 failed; 0 ignored; 0 measured; 0 filtered out; finished in 0.01s

     Running tests/discovery.rs (/var/tmp/rom-release-measured-verification-target/debug/deps/discovery-54240ec152ad5449)

running 12 tests
test current_authority_denial_precedes_metadata_callbacks ... ok
test callback_panic_is_supervised_and_terminal ... ok
test discovery_denies_by_default_and_requires_resource_grant ... ok
test authority_changed_during_metadata_work_denies_the_catalog ... ok
test expiry_during_discovery_does_not_return_metadata ... ok
test catalog_sorts_resources_fields_and_actions_and_serializes_recursive_shapes ... ok
test catalog_omits_secrets_and_nested_hidden_references_without_running_domain_code ... ok
test discovery_stops_at_exhaustion_before_later_metadata_callbacks ... ok
test revocation_while_callback_is_blocked_prevents_disclosure ... ok
test discovery_byte_budget_counts_the_complete_wire_envelope ... ok
test metadata_visibility_does_not_grant_mutation_authority ... ok
test reviewer_catalog_budget_matches_wire_for_every_smaller_limit ... ok

test result: ok. 12 passed; 0 failed; 0 ignored; 0 measured; 0 filtered out; finished in 0.07s

     Running tests/extensions.rs (/var/tmp/rom-release-measured-verification-target/debug/deps/extensions-67908a002b9789f7)

running 1 test
test downstream_custom_field_and_manual_definition_use_identical_contract ... ok

test result: ok. 1 passed; 0 failed; 0 ignored; 0 measured; 0 filtered out; finished in 0.00s

     Running tests/fields.rs (/var/tmp/rom-release-measured-verification-target/debug/deps/fields-f020c43f055c7c5b)

running 8 tests
test invalid_float_cannot_silently_become_null ... ok
test nested_field_values_reject_wrong_shapes_and_nonfinite_numbers ... ok
test typed_reference_requires_registered_target_kind ... ok
test nullable_ambiguity_is_rejected_inside_collections ... ok
test invalid_enum_definition_is_rejected_at_registration ... ok
test mutually_referencing_kinds_register_without_graph_recursion ... ok
test enum_metadata_enforces_the_custom_codec_contract ... ok
test standard_fields_roundtrip_through_the_same_resource_pipeline ... ok

test result: ok. 8 passed; 0 failed; 0 ignored; 0 measured; 0 filtered out; finished in 0.00s

     Running tests/initial_authority.rs (/var/tmp/rom-release-measured-verification-target/debug/deps/initial_authority-2a0fa30f43ebf24d)

running 1 test
test current_denial_precedes_registry_and_all_input_codecs ... ok

test result: ok. 1 passed; 0 failed; 0 ignored; 0 measured; 0 filtered out; finished in 0.00s

     Running tests/integrated.rs (/var/tmp/rom-release-measured-verification-target/debug/deps/integrated-7cbf254c42e96817)

running 17 tests
test descriptor_codec_rename_null_false_zero_and_unknown_input_agree ... ok
test derived_and_manual_definitions_share_registration_and_capability_checks ... ok
test missing_policy_is_default_deny_and_authorities_are_distinct ... ok
test pure_action_panic_releases_permit_without_committing ... ok
test no_op_receipt_does_not_advance_revision_or_emit_event ... ok
test negative_control_cached_payload_would_leak_after_revoke ... ok
test revoke_buffered_live_signal_and_durable_replay ... ok
test authority_and_revision_are_rechecked_after_cpu_proposal ... ok
test owner_change_removes_live_membership_and_denies_old_outcome ... ok
test revision_race_and_changed_input_identity_are_distinct ... ok
test concurrent_same_identity_replays_one_durable_transition ... ok
test downstream_failure_preserves_upstream_and_recovery_retries_same_action_identity ... ok
test two_resources_share_actions_codec_and_live_membership ... ok
test unknown_after_actual_commit_reopens_and_deduplicates ... ok
test rollback_after_each_real_sql_write_leaves_full_bundle_absent ... ok
test caller_cancellation_keeps_capacity_and_shutdown_drains_real_work ... ok
test live_initialization_coalescing_delete_and_tombstone_retry ... ok

test result: ok. 17 passed; 0 failed; 0 ignored; 0 measured; 0 filtered out; finished in 0.03s

     Running tests/invocation.rs (/var/tmp/rom-release-measured-verification-target/debug/deps/invocation-4f929bbbb731e3b1)

running 2 tests
test typed_and_erased_invocation_share_identity_policy_and_custom_actions ... ok
test routing_and_host_identity_are_bounded_before_identity_encoding ... ok

test result: ok. 2 passed; 0 failed; 0 ignored; 0 measured; 0 filtered out; finished in 0.00s

     Running tests/lifecycle.rs (/var/tmp/rom-release-measured-verification-target/debug/deps/lifecycle-4dfacdb28e36eaba)

running 15 tests
test ownership_transparent_wrapper_forwards_underlying_claim ... ok
test ownership_rejects_second_builder_until_final_stopped_clone_drops ... ok
test adapter_panic_is_terminal_and_never_success ... ok
test policy_panic_stops_runtime_without_partial_state ... ok
test cancelled_read_keeps_io_capacity_until_storage_completes ... ok
test expired_actor_denied_at_result_and_live_delivery ... ok
test cancelled_live_refresh_can_retry_without_another_mutation ... ok
test expired_actor_cannot_commit_an_already_admitted_proposal ... ok
test overloaded_live_refresh_can_retry_without_another_mutation ... ok
test invalidation_during_live_query_remains_pending_after_success ... ok
test blocking_storage_does_not_block_tokio_heartbeat ... ok
test shutdown_races_admission_without_orphan ... ok
test ownership_cancelled_action_and_drain_waiter_keep_accepted_work_alive ... ok
test concurrent_shutdown_waits_for_same_work ... ok
test cancelled_shutdown_can_be_joined_again ... ok

test result: ok. 15 passed; 0 failed; 0 ignored; 0 measured; 0 filtered out; finished in 0.05s

     Running tests/native_conformance.rs (/var/tmp/rom-release-measured-verification-target/debug/deps/native_conformance-8f3117cc2aee73d3)

running 5 tests
test wrong_profile_fails_before_factory_operations ... ok
test adapter_errors_are_not_retained_in_conformance_diagnostics ... ok
test broken_fixture_fails_named_counts_assertion ... ok
test broken_reopen_fixture_reports_safe_named_failure ... ok
test external_fixture_passes_storage_profile_and_releases_owners_before_reopen ... ok

test result: ok. 5 passed; 0 failed; 0 ignored; 0 measured; 0 filtered out; finished in 0.01s

     Running tests/presence.rs (/var/tmp/rom-release-measured-verification-target/debug/deps/presence-aecf0dcc3682cd59)

running 6 tests
test presence_codec_distinguishes_missing_null_value_and_action_input ... ok
test nested_presence_is_rejected_at_registration ... ok
test complete_reads_cannot_reveal_that_a_forbidden_field_is_absent ... ok
test forbidden_unchanged_patch_field_is_rejected_without_blocking_other_fields ... ok
test wire_patch_rejects_required_removal_and_action_preserves_explicit_missing ... ok
test patch_preserves_omitted_fields_null_removal_retry_and_live_query ... ok

test result: ok. 6 passed; 0 failed; 0 ignored; 0 measured; 0 filtered out; finished in 0.01s

     Running tests/projection.rs (/var/tmp/rom-release-measured-verification-target/debug/deps/projection-14c8f5edf0729bbb)

running 5 tests
test hidden_filter_is_denied_even_when_database_is_empty ... ok
test forbidden_derived_write_does_not_commit ... ok
test projected_live_rechecks_revocation_before_buffered_delivery ... ok
test projected_outcomes_never_decode_as_complete_resources ... ok
test field_permissions_default_to_deny_and_mixed_replace_is_atomic ... ok

test result: ok. 5 passed; 0 failed; 0 ignored; 0 measured; 0 filtered out; finished in 0.01s

     Running tests/promotion.rs (/var/tmp/rom-release-measured-verification-target/debug/deps/promotion-44d19d66a697101a)

running 3 tests
test unsupported_nested_nullable_is_rejected_instead_of_losing_presence ... ok
test revoked_read_does_not_reveal_resource_existence ... ok
test built_in_and_custom_operation_names_have_distinct_durable_identity ... ok

test result: ok. 3 passed; 0 failed; 0 ignored; 0 measured; 0 filtered out; finished in 0.00s

     Running tests/query_all.rs (/var/tmp/rom-release-measured-verification-target/debug/deps/query_all-3ac4c502cf99a3ab)

running 2 tests
test all_queries_do_not_turn_page_limits_into_scan_limits ... ok
test all_queries_preserve_row_fields_pages_and_live_authorization ... ok

test result: ok. 2 passed; 0 failed; 0 ignored; 0 measured; 0 filtered out; finished in 0.01s

     Running tests/query_contract.rs (/var/tmp/rom-release-measured-verification-target/debug/deps/query_contract-bc30992dd7df8ddd)

running 3 tests
test query_bounds_and_unknown_operators_fail_explicitly ... ok
test projected_and_typed_predicates_use_the_actual_field_codec ... ok
test conjunction_and_keyset_pages_share_authorized_identity_order ... ok

test result: ok. 3 passed; 0 failed; 0 ignored; 0 measured; 0 filtered out; finished in 0.01s

     Running tests/source_authority.rs (/var/tmp/rom-release-measured-verification-target/debug/deps/source_authority-e84768b6a92e8869)

running 3 tests
test wrong_owner_scope_expiry_and_target_revision_fail_closed ... ok
test owner_permit_and_current_revision_are_required_before_publication ... ok
test metadata_only_reload_is_a_durable_revision_and_exact_replay_is_not ... ok

test result: ok. 3 passed; 0 failed; 0 ignored; 0 measured; 0 filtered out; finished in 0.01s

     Running tests/structured_input.rs (/var/tmp/rom-release-measured-verification-target/debug/deps/structured_input-e592c17c4d82bbd0)

running 6 tests
test invalid_field_shape_is_rejected_before_decoding ... ok
test existing_resource_raw_identifier_keeps_its_persisted_wire_name ... ok
test custom_fields_use_the_same_codec_and_required_nullable_member ... ok
test object_members_preserve_omission_null_and_aliases ... ok
test undeclared_custom_input_errors_stay_sanitized ... ok
test structured_input_executes_through_public_action_pipeline ... ok

test result: ok. 6 passed; 0 failed; 0 ignored; 0 measured; 0 filtered out; finished in 0.00s

     Running unittests src/lib.rs (/var/tmp/rom-release-measured-verification-target/debug/deps/rom_demo-ff678aa9d0fb9fe5)

running 4 tests
test upgrade::legacy::tests::frozen_checkout_preserves_the_original_string_codec ... ok
test upgrade::legacy::tests::migration_accepts_only_frozen_callback_identity_and_payload_contracts ... ok
test upgrade::legacy::tests::old_profile_keeps_checkout_validation_before_reference_migration ... ok
test upgrade::legacy::tests::current_wire_commands_prepare_the_frozen_profile_without_changing_its_catalog_or_rules ... ok

test result: ok. 4 passed; 0 failed; 0 ignored; 0 measured; 0 filtered out; finished in 0.04s

     Running unittests src/main.rs (/var/tmp/rom-release-measured-verification-target/debug/deps/rom_demo-84adcc4c04bb765c)

running 0 tests

test result: ok. 0 passed; 0 failed; 0 ignored; 0 measured; 0 filtered out; finished in 0.00s

     Running tests/compensation.rs (/var/tmp/rom-release-measured-verification-target/debug/deps/compensation-f21738548ab078f0)

running 1 test
test explicit_compensation_and_revocation_on_both_adapters ... ok

test result: ok. 1 passed; 0 failed; 0 ignored; 0 measured; 0 filtered out; finished in 0.12s

     Running tests/documented_commands.rs (/var/tmp/rom-release-measured-verification-target/debug/deps/documented_commands-c417f81c000c10a7)

running 1 test
test readme_invocations_decode_without_a_second_schema ... ok

test result: ok. 1 passed; 0 failed; 0 ignored; 0 measured; 0 filtered out; finished in 0.00s

     Running tests/operator.rs (/var/tmp/rom-release-measured-verification-target/debug/deps/operator-a76e9ec4b08df4d5)

running 1 test
test operator_command_recovers_work_then_runs_explicit_compensation_on_both_stores ... ok

test result: ok. 1 passed; 0 failed; 0 ignored; 0 measured; 0 filtered out; finished in 0.09s

     Running tests/provider_auth.rs (/var/tmp/rom-release-measured-verification-target/debug/deps/provider_auth-7712885eacb4c0bb)

running 0 tests

test result: ok. 0 passed; 0 failed; 0 ignored; 0 measured; 0 filtered out; finished in 0.00s

     Running tests/provider_profile.rs (/var/tmp/rom-release-measured-verification-target/debug/deps/provider_profile-20ce9b4019ef3ad6)

running 0 tests

test result: ok. 0 passed; 0 failed; 0 ignored; 0 measured; 0 filtered out; finished in 0.00s

     Running tests/reference.rs (/var/tmp/rom-release-measured-verification-target/debug/deps/reference-e239d7016d5b5890)

running 3 tests
test reference_process_exit_child ... ignored, fault helper invoked only by committed_rejection_recovers_after_process_exit_without_shutdown

running 1 test

running 1 test
test reference_command_recovers_pending_work_on_both_stores ... ok
test committed_rejection_recovers_after_process_exit_without_shutdown ... ok

test result: ok. 2 passed; 0 failed; 1 ignored; 0 measured; 0 filtered out; finished in 0.24s

     Running tests/reservation_input.rs (/var/tmp/rom-release-measured-verification-target/debug/deps/reservation_input-6ddfc32d0ddde81a)

running 1 test
test reservation_arguments_are_named_and_invalid_fields_do_not_commit ... ok

test result: ok. 1 passed; 0 failed; 0 ignored; 0 measured; 0 filtered out; finished in 0.01s

     Running tests/server_lifecycle.rs (/var/tmp/rom-release-measured-verification-target/debug/deps/server_lifecycle-09dfeeef178ced3f)

running 4 tests
test sqlite_immediate_sigint_drains_and_reopens ... ok
test sqlite_immediate_sigterm_drains_and_reopens ... ok
test redb_immediate_sigint_drains_and_reopens ... ok
test redb_immediate_sigterm_drains_and_reopens ... ok

test result: ok. 4 passed; 0 failed; 0 ignored; 0 measured; 0 filtered out; finished in 0.04s

     Running tests/transitions.rs (/var/tmp/rom-release-measured-verification-target/debug/deps/transitions-9ca9ce06799e9b00)

running 5 tests
test checkout_v2_declares_stock_reference_without_changing_wire_values ... ok
test generic_patch_cannot_reverse_a_confirmed_checkout ... ok
test transported_mutations_preserve_demo_invariants_on_both_adapters ... ok
test checkout_reference_restricts_an_empty_stock_until_pending_checkout_is_deleted ... ok
test generic_writes_cannot_retarget_compensation_or_corrupt_reservations ... ok

test result: ok. 5 passed; 0 failed; 0 ignored; 0 measured; 0 filtered out; finished in 0.02s

     Running tests/upgrade.rs (/var/tmp/rom-release-measured-verification-target/debug/deps/upgrade-5e0da6cb6ac2926d)

running 6 tests
test upgrade_process_exit_child ... ignored, actual process-exit fixture invoked by process_exit_preserves_pending_compensation_through_migration_backup_and_restore

running 1 test
test upgrade_rejects_invalid_arguments_without_creating_files ... ok

running 1 test
test migrated_receipt_requires_its_recorded_codec_and_current_authority ... ok
test invalid_conversion_missing_target_and_unaccepted_work_never_publish ... ok
test upgrade_command_runs_the_real_application_on_both_backends ... ok
test process_exit_preserves_pending_compensation_through_migration_backup_and_restore ... ok

test result: ok. 5 passed; 0 failed; 1 ignored; 0 measured; 0 filtered out; finished in 0.42s

     Running tests/workshop.rs (/var/tmp/rom-release-measured-verification-target/debug/deps/workshop-ffd2fb410d007b58)

running 3 tests
test custom_field_canonicalizes_and_rejects_invalid_stock_codes ... ok
test local_cli_discovers_only_deliberately_published_domain_metadata ... ok
test same_author_application_runs_on_sqlite_and_redb ... ok

test result: ok. 3 passed; 0 failed; 0 ignored; 0 measured; 0 filtered out; finished in 0.23s

     Running unittests src/lib.rs (/var/tmp/rom-release-measured-verification-target/debug/deps/rom_derive-05785b1faa8597d2)

running 0 tests

test result: ok. 0 passed; 0 failed; 0 ignored; 0 measured; 0 filtered out; finished in 0.00s

     Running unittests src/lib.rs (/var/tmp/rom-release-measured-verification-target/debug/deps/rom_http-7cf4b4e25588d667)

running 1 test
test error_tests::expired_identity_has_a_distinct_gone_category ... ok

test result: ok. 1 passed; 0 failed; 0 ignored; 0 measured; 0 filtered out; finished in 0.00s

     Running tests/capacity_configuration.rs (/var/tmp/rom-release-measured-verification-target/debug/deps/capacity_configuration-fe0693d508700e7e)

running 1 test
test http_body_capacity_is_fallible_at_engine_boundaries ... ok

test result: ok. 1 passed; 0 failed; 0 ignored; 0 measured; 0 filtered out; finished in 0.00s

     Running tests/loopback.rs (/var/tmp/rom-release-measured-verification-target/debug/deps/loopback-256a646240b4ec71)

running 34 tests
test authentication::synchronous_and_asynchronous_constructors_share_limit_validation ... ok
test authentication::denied_async_authentication_responds_without_waiting_for_streamed_body ... ok
test discovery::discovery_http_never_returns_an_oversized_partial_catalog ... ok
test authentication::shutdown_closes_admission_and_pending_auth_cannot_bypass_runtime_closure ... ok
test admission::strict_json_and_declared_and_chunked_body_bounds_reject_before_execution ... ok
test mutation::disconnect_after_acceptance_retains_work_permit_and_retry_replays_one_commit ... ok
test authentication::body_admission_rejects_extra_request_before_async_authentication ... ok
test authentication::delayed_async_authentication_allows_unrelated_tcp_request_to_commit ... ok
test discovery::discovery_route_uses_explicit_grants_and_strict_authenticated_input ... ok
test journal::expired_history_requires_explicit_head_then_snapshot_recovery ... ok
test journal::retention_loss_is_explicit_for_both_missing_and_expired_cursor ... ok
test journal::journal_pages_are_bounded_and_cancelled_wait_does_not_acknowledge_a_fact ... ok
test discovery::studio_wire_fixtures_use_actual_http_values_and_live_frames ... ok
test mutation::lost_commit_ack_is_unknown_on_wire_and_same_identity_resolves_it ... ok
test journal::journal_replays_distinct_facts_and_rejects_wrong_generation_scope_and_future_cursor ... ok
test observations::stream_capacity_is_bounded_and_disconnect_releases_the_subscription ... ok
test mutation::embedded_and_wire_share_mutation_identity_authorization_and_projection ... ok
test operator::default_policy_denies_work_without_disclosing_its_existence ... ok
test operator::operator_capabilities_accept_only_an_empty_object ... ok
test authentication::sync_and_async_authentication_share_resource_and_body_contracts ... ok
test operator::operator_capabilities_use_current_verified_actor_and_default_to_false ... ok
test operator::structured_request_admission_preserves_nested_resource_arrays ... ok
test operator::operator_routes_reject_top_level_positional_arrays ... ok
test operator::operator_routes_refuse_actor_fields_and_oversized_bodies ... ok
test observations::live_is_fresh_coalescing_state_and_revocation_and_shutdown_close_streams ... ok
test query_anchor::query_anchor_route_preserves_native_float_codec_and_moving_boundary ... ok
test query::all_wire_observation_forms_apply_field_projection_and_predicate_authority ... ok
test query::structured_queries_and_patches_use_the_generic_wire_contract ... ok
test observations::idle_stream_expiry_rechecks_without_a_resource_write ... ok
test query::ranges_sort_and_client_anchor_share_query_and_live_wire_paths ... ok
test operator_flow::operator_http_matches_embedded_inspection_and_atomic_retry_without_resending ... ok
test observations::live_keeps_one_pending_read_across_keepalives ... ok
test admission::slow_body_owns_independent_admission_until_timeout ... ok
test observations::journal_keeps_one_pending_read_across_keepalives ... ok

test result: ok. 34 passed; 0 failed; 0 ignored; 0 measured; 0 filtered out; finished in 0.14s

     Running unittests src/lib.rs (/var/tmp/rom-release-measured-verification-target/debug/deps/rom_identity-82feeab1cff07f87)

running 0 tests

test result: ok. 0 passed; 0 failed; 0 ignored; 0 measured; 0 filtered out; finished in 0.00s

     Running tests/integration.rs (/var/tmp/rom-release-measured-verification-target/debug/deps/integration-f456de7149542269)

running 8 tests
test authority_links_and_provider_config_are_validated_and_bootstrap_is_explicit ... ok
test user_disable_during_action_proposal_prevents_commit ... ok
test real_signed_proof_links_through_native_resources_and_expiry_is_preserved ... ok
test disabled_user_denies_cached_retry_and_live_without_repeating_commit ... ok
test oidc::access_and_id_proofs_cannot_cross_provider_profiles_or_stamp_profiles ... ok
test oidc::oidc_proof_uses_explicit_current_link_and_finite_gate ... ok
test provider_revision_and_unlink_relink_cannot_revive_old_bindings ... ok
test oidc::oidc_current_provider_user_and_link_revisions_do_not_revive_evidence ... ok

test result: ok. 8 passed; 0 failed; 0 ignored; 0 measured; 0 filtered out; finished in 0.10s

     Running unittests src/lib.rs (/var/tmp/rom-release-measured-verification-target/debug/deps/rom_query_measure-63598caa5c8ccf7f)

running 6 tests
test tests::duplicate_dataset_sizes_cannot_reuse_a_measured_database ... ok
test tests::trial_orders_cover_all_six_mode_permutations ... ok
test tests::heldout_seed_does_not_repeat_shifted_calibration_random_fields ... ok
test tests::fixture_is_deterministic_and_skew_is_independent_of_amount ... ok
test tests::reusable_write_workload_commits_and_preserves_expected_revisions ... ok
test tests::smoke_compares_complete_runtime_results_and_emits_all_three_modes ... ok

test result: ok. 6 passed; 0 failed; 0 ignored; 0 measured; 0 filtered out; finished in 0.30s

     Running unittests src/main.rs (/var/tmp/rom-release-measured-verification-target/debug/deps/rom_query_measure-35963173845a2268)

running 0 tests

test result: ok. 0 passed; 0 failed; 0 ignored; 0 measured; 0 filtered out; finished in 0.00s

     Running unittests src/bin/write.rs (/var/tmp/rom-release-measured-verification-target/debug/deps/rom_query_write_measure-3a4ecf73990023b0)

running 0 tests

test result: ok. 0 passed; 0 failed; 0 ignored; 0 measured; 0 filtered out; finished in 0.00s

     Running unittests src/lib.rs (/var/tmp/rom-release-measured-verification-target/debug/deps/rom_redb-1240232d51c8e739)

running 1 test
test upgrade_tests::format_six_requires_upgrade_preserving_epochs_origins_and_source_bytes ... ok

test result: ok. 1 passed; 0 failed; 0 ignored; 0 measured; 0 filtered out; finished in 0.04s

     Running unittests src/lib.rs (/var/tmp/rom-release-measured-verification-target/debug/deps/rom_sqlite-44ddd91baabfd1e9)

running 29 tests
test index::encoding_tests::float_equality_matches_core_and_presence_is_distinct ... ok
test index::encoding_tests::exact_numeric_and_text_boundaries ... ok
test index::encoding_tests::invalid_values_and_non_scalar_shapes_fail_closed ... ok
test index::catalog_tests::checkpoint_failure_rolls_back_keys_metadata_and_authoritative_row ... ok
test index::catalog_tests::registration_preserves_omitted_kinds_and_accepts_canonical_field_order ... ok
test index::catalog_tests::rebuild_counts_native_text_and_preserves_the_complete_catalog ... ok
test index::catalog_tests::key_deltas_change_only_indexed_values_and_tombstones_still_count ... ok
test index::catalog_tests::physical_entries_share_the_logical_record_budget ... ok
test index::catalog_tests::validation_rejects_changed_index_collation_and_table_layout ... ok
test index::query_tests::native_absence_null_and_ranges_keep_distinct_semantics ... ok
test index::query_tests::observed_controls_keep_plan_fallback_execution_errors_and_stored_byte_scope ... ok
test index::query_tests::opaque_and_no_predicate_reads_use_reference_and_limits_admit_whole_kind ... ok
test index::query_tests::planner_failure_falls_back_but_selected_execution_failure_propagates ... ok
test index::catalog_tests::validation_rejects_missing_extra_wrong_membership_and_metadata ... ok
test index::query_tests::ranges_leave_other_predicates_residual_and_descriptor_must_match_catalog ... ok
test index::query_tests::real_index_returns_complete_candidates_and_exact_binding ... ok
test index::query_tests::native_unsigned_float_and_unicode_boundaries_are_exact ... ok
test index::query_tests::metadata_corruption_is_not_an_optional_planner_failure ... ok
test index::planner::tests::duplicate_predicates_do_not_consume_the_bounded_selection_slots ... ok
test index::planner::tests::conjunction_order_does_not_hide_the_eight_row_candidate ... ok
test index::planner::tests::first_pass_selectivity_avoids_expanding_a_common_earlier_predicate ... ok
test index::planner::tests::unknown_physical_index_layout_disables_optional_probes ... ok
test index::planner::tests::empty_candidate_stops_probing_and_opaque_reads_do_not_probe ... ok
test index::planner::tests::more_than_four_distinct_predicates_use_the_documented_bounded_prefix ... ok
test index::planner::tests::saturated_probe_does_not_truncate_forced_native_materialization ... ok
test index::planner::tests::broad_skew_and_ranges_choose_reference_after_whole_kind_admission ... ok
test index::planner::tests::probes_distinguish_exact_counts_saturation_and_reference_control ... ok
test index::planner::tests::medium_selectivity_above_128_matches_can_still_choose_native ... ok
test index::planner::tests::expanded_probe_shrinks_against_an_exact_candidate_and_keeps_total_work_bounded ... ok

test result: ok. 29 passed; 0 failed; 0 ignored; 0 measured; 0 filtered out; finished in 0.53s

     Running tests/query_observation.rs (/var/tmp/rom-release-measured-verification-target/debug/deps/query_observation-6e61f9dca9949c91)

running 2 tests
test observed_modes_share_real_reads_and_count_materialization ... ok
test forcing_changes_only_cost_and_keeps_capability_and_admission ... ok

test result: ok. 2 passed; 0 failed; 0 ignored; 0 measured; 0 filtered out; finished in 0.11s

     Running tests/backup.rs (/var/tmp/rom-release-measured-verification-target/debug/deps/backup-6ae63da1d246f14f)

running 10 tests
test archive_rejects_noncanonical_descriptors_before_publication ... ok
test rejects_overwrite_wrong_backend_corruption_and_bounds_without_publication ... ok
test writer_rejects_inconsistent_logical_tables ... ok
test startup_record_budget_includes_durable_pending_work ... ok
test reopening_rejects_missing_reference_index_entries_without_repair ... ok
test archived_limits_and_retention_survive_restore ... ok
test backup_restore_preserves_restrict_edges_and_rejects_missing_edges ... ok
test full_snapshot_recovers_receipts_protected_values_work_and_fences_old_owners ... ok
test concurrent_writer_snapshots_are_complete_bundles ... ok
test reference_replacement_rolls_back_each_write_and_resolves_lost_ack ... ok

test result: ok. 10 passed; 0 failed; 0 ignored; 0 measured; 0 filtered out; finished in 0.14s

     Running tests/channels.rs (/var/tmp/rom-release-measured-verification-target/debug/deps/channels-65047276ef0d9012)

running 19 tests
test stale_external_ack_cannot_finish_new_claim ... ok
test redb_notification_format_rejects_older_marker_without_migrating ... ok
test notification_format_rejects_older_marker_without_migrating ... ok
test status_reports_terminal_failure_without_error_payload ... ok
test status_distinguishes_ready_draining_and_fully_stopped ... ok
test cancelled_observer_cannot_orphan_delivery_and_shutdown_drains ... ok
test revoked_channel_service_never_sees_payload ... ok
test ordinary_action_records_typed_notification_atomically_without_sending ... ok
test shared_worker_invokes_typed_function_and_records_acceptance ... ok
test registration_changes_stop_old_work_instead_of_reinterpreting_payload ... ok
test unknown_channel_version_and_payload_reject_upstream_commit ... ok
test native_commit_failure_never_detaches_notification_from_resource ... ok
test unresolved_last_attempt_reopens_as_unknown_terminal_work ... ok
test differently_typed_functions_share_one_worker ... ok
test channel_requires_current_and_historical_source_field_permission ... ok
test effect_then_lost_ack_reopens_with_stable_key_and_receiver_owned_dedup ... ok
test retry_and_permanent_outcomes_are_durable_and_bounded ... ok
test drained_work_releases_its_database_handle_before_reopen ... ok
test timeout_is_uncertain_and_panics_are_inspectable ... ok

test result: ok. 19 passed; 0 failed; 0 ignored; 0 measured; 0 filtered out; finished in 0.09s

     Running tests/conformance.rs (/var/tmp/rom-release-measured-verification-target/debug/deps/conformance-4d87386074dbf08b)

running 5 tests
test sqlite_rejects_future_format_before_schema_writes ... ok
test sqlite_rejects_unversioned_view_only_database ... ok
test sqlite_rejects_unversioned_user_table_with_internal_like_prefix ... ok
test redb_rejects_unversioned_multimap_only_database ... ok
test redb_atomic_bundle_available_through_storage ... ok

test result: ok. 5 passed; 0 failed; 0 ignored; 0 measured; 0 filtered out; finished in 0.00s

     Running tests/journal_head.rs (/var/tmp/rom-release-measured-verification-target/debug/deps/journal_head-abfe9e2a63bf0d92)

running 1 test
test explicit_head_survives_reopen_and_allows_recovery_after_retention_gap ... ok

test result: ok. 1 passed; 0 failed; 0 ignored; 0 measured; 0 filtered out; finished in 0.01s

     Running tests/ledger_capacity.rs (/var/tmp/rom-release-measured-verification-target/debug/deps/ledger_capacity-61cdb8d82b2bc656)

running 7 tests
test resolution_lease_maximum_timestamp_width_fits_reservation ... ok
test accepted_work_can_claim_retry_and_stop_at_the_smallest_byte_budget ... ok
test rejected_materialization_leaves_capacity_to_finish_parent ... ok
test restored_generation_growth_and_exhaustion_fit_at_capacity ... ok
test legacy_insufficient_headroom_is_explicitly_unsupported_without_mutation ... ok
test admitted_materialized_children_keep_their_lifecycle_reservation ... ok
test every_delivery_outcome_and_stop_reason_fit_reserved_capacity ... ok

test result: ok. 7 passed; 0 failed; 0 ignored; 0 measured; 0 filtered out; finished in 0.35s

     Running tests/migration_runtime.rs (/var/tmp/rom-release-measured-verification-target/debug/deps/migration_runtime-84afb1c904b3c394)

running 2 tests
test migrated_tombstone_keeps_current_policy_context_and_delete_replay ... ok
test migrated_runtime_replays_old_input_and_resumes_both_reaction_phases ... ok

test result: ok. 2 passed; 0 failed; 0 ignored; 0 measured; 0 filtered out; finished in 0.09s

     Running tests/native_profile.rs (/var/tmp/rom-release-measured-verification-target/debug/deps/native_profile-cc778327767cb463)

running 2 tests
test sqlite_native_engine_matches_selected_build_profile ... ok
test native_extension_manifest_matches_compiled_contract_and_fresh_archive ... ok

test result: ok. 2 passed; 0 failed; 0 ignored; 0 measured; 0 filtered out; finished in 0.00s

     Running tests/operator.rs (/var/tmp/rom-release-measured-verification-target/debug/deps/operator-2ed25696cca2d193)

running 6 tests
test process::operator_owner_child ... ok

running 1 test
test native_control_cas_and_exact_replay_preserve_domain_state_and_budgets ... ok
test persisted_control_receipt_survives_reopen_and_snapshot_bounds_are_exact ... ok
test concurrent_controls_arbitrate_version_or_replay_the_same_identity ... ok
test native_control_failures_do_not_split_work_and_receipt_publication ... ok

running 1 test

running 1 test

running 1 test
test process::owner_exit_preserves_exactly_the_committed_operator_transition ... ok

test result: ok. 6 passed; 0 failed; 0 ignored; 0 measured; 0 filtered out; finished in 0.11s

     Running tests/operator_reconciliation.rs (/var/tmp/rom-release-measured-verification-target/debug/deps/operator_reconciliation-0043e430d47d5e4c)

running 19 tests
test recovery::delivery_owner_child ... ok

running 1 test
test verification::active_lease_is_rejected_before_external_verification ... ok
test races::caller_cancellation_retains_verifier_capacity_until_commit_and_replay ... ok
test races::verifier_wait_holds_neither_core_commit_gate_nor_native_transaction ... ok
test recovery::absent_verifier_reports_unavailable_without_releasing_a_hold ... ok
test verification::zero_and_unrepresentable_verification_timeouts_are_invalid_registrations ... ok
test races::stale_work_version_after_verification_cannot_publish_a_second_receipt ... ok
test verification::unresolved_eventual_lookup_miss_cannot_grant_resend_before_later_acceptance ... ok
test races::concurrent_exact_request_replays_the_receipt_before_rechecking_stale_cas ... ok
test recovery::expired_started_claim_holds_after_clean_reopen_and_late_finish_is_fenced ... ok

running 1 test
test recovery::held_state_and_accepted_receipt_survive_clean_native_reopen ... ok
test verification::terminal_not_accepted_cannot_reset_exhausted_attempts_or_root_budget ... ok
test verification::accepted_and_terminal_not_accepted_commit_once_without_a_provider_send ... ok
test recovery::changed_registration_cannot_reinterpret_pending_or_held_profile ... ok
test recovery::actual_process_exit_after_delivery_start_cannot_trigger_unsafe_resend ... ok
test races::current_operator_actor_and_service_revocation_are_rechecked_after_verification ... ok
test profiles::confirmed_delivery_outcomes_remain_terminal_or_retryable_for_every_profile ... ok
test verification::unresolved_timeout_panic_and_malformed_evidence_preserve_the_full_hold ... ok
test profiles::all_declared_profiles_preserve_their_uncertain_delivery_policy ... ok

test result: ok. 19 passed; 0 failed; 0 ignored; 0 measured; 0 filtered out; finished in 0.40s

     Running tests/operator_runtime.rs (/var/tmp/rom-release-measured-verification-target/debug/deps/operator_runtime-2e362d0f65049bfb)

running 19 tests
test accepted_receipt_remains_replayable_after_target_retirement_with_current_scope_authority ... ok
test authoritative_gate_revocation_denies_saved_receipts_without_callback_text ... ok
test post_commit_wrong_target_response_is_unknown_and_exact_replay_uses_saved_receipt ... ok
test default_operator_policy_denies_views_and_controls_without_disclosing_existence ... ok
test raw_snapshot_bounds_and_generation_are_checked_before_projection ... ok
test committed_retry_unresolved_is_unknown_and_exact_replay_recovers ... ok
test cancelled_control_keeps_supervision_and_capacity_until_accepted_commit_finishes ... ok
test moving_page_continues_after_anchor_is_absent_from_current_snapshot ... ok
test committed_retry_stopped_is_unknown_and_exact_replay_recovers ... ok
test exact_control_replay_rechecks_current_operator_and_actor_authority ... ok
test committed_retry_completed_is_unknown_and_exact_replay_recovers ... ok
test moving_page_rechecks_scope_permission_after_anchor_revocation ... ok
test inspect_and_control_permissions_are_independent_and_views_are_redacted ... ok
test unsupported_adapter_does_not_advertise_operator_permissions ... ok
test concurrent_runtime_controls_arbitrate_stale_views_and_exact_identities ... ok
test authorized_pages_use_visible_limits_and_cursors_bind_filters ... ok
test response_limits_refuse_new_controls_before_commit_and_preserve_unknown_for_committed_replays ... ok
test resolution::committed_unacknowledged_action_reconciles_without_domain_writes ... ok
test resolution::same_identity_wrong_fingerprint_or_target_cannot_confirm_frozen_action ... ok

test result: ok. 19 passed; 0 failed; 0 ignored; 0 measured; 0 filtered out; finished in 0.08s

     Running tests/ownership.rs (/var/tmp/rom-release-measured-verification-target/debug/deps/ownership-230d2b154edd251e)

running 13 tests
test offline_recovery::maintenance_cwd_child ... ok
test process::native_owner_child ... ok

running 1 test

running 1 test

running 1 test
test sqlite_uri_input_is_explicitly_unsupported_instead_of_reinterpreted ... ok
test sqlite_memory_sentinel_keeps_stores_independent ... ok
test hardlinked_database_is_rejected_before_native_open ... ok
test maintenance::maintenance_rejects_a_live_source_before_conversion ... ok
test native_duplicate_open_conflicts_until_final_adapter_drop ... ok
test symlink_alias_cannot_create_a_second_native_owner ... ok
test maintenance::conversion_holds_both_reservations_and_failure_releases_them ... ok
test offline_recovery::maintenance_cwd_child ... ok

test result: ok. 1 passed; 0 failed; 0 ignored; 0 measured; 12 filtered out; finished in 0.02s

test offline_recovery::callback_cwd_change_keeps_native_maintenance_paths_canonical ... ok
test maintenance::publication_retains_reservations_and_returns_a_single_link_destination ... ok
test offline_recovery::sqlite_offline_rebuild_after_sigkill_preserves_committed_source_wal ... ok

running 1 test
test process::native_owner_process_exit_releases_lock_and_recovers_committed_data ... ok

test result: ok. 13 passed; 0 failed; 0 ignored; 0 measured; 0 filtered out; finished in 0.06s

     Running tests/query_planning.rs (/var/tmp/rom-release-measured-verification-target/debug/deps/query_planning-5a7bd2fd206913b9)

running 9 tests
test sorted_field_denial_precedes_predicates_anchor_and_page_limit ... ok
test opaque_row_policy_runs_before_a_nonmatching_predicate_can_skip_the_row ... ok
test shared_sort_authority_is_checked_on_empty_and_hidden_values ... ok
test id_page_short_circuit_does_not_evaluate_later_opaque_policy ... ok
test shared_anchor_binding_shape_bounds_and_dynamic_roundtrip ... ok
test shared_default_sort_deny_and_small_page_does_not_bypass_snapshot_bound ... ok
test shared_null_missing_ranges_and_both_sort_directions ... ok
test shared_float_custom_codec_signed_extremes_and_structural_equality ... ok
test shared_exact_ranges_multisort_typed_wire_live_and_moving_anchor ... ok

test result: ok. 9 passed; 0 failed; 0 ignored; 0 measured; 0 filtered out; finished in 0.04s

     Running tests/query_read.rs (/var/tmp/rom-release-measured-verification-target/debug/deps/query_read-47aef31b94ffa602)

running 11 tests
test explicit_denial_precedes_empty_or_overbound_storage_reads ... ok
test read_grant_runs_once_after_query_validation_and_disclosure_rechecks_authority ... ok
test normalized_predicates_reach_storage_and_returned_rows_still_decode ... ok
test native_candidates_cannot_bypass_whole_kind_admission_with_a_small_page ... ok
test reference_and_complete_candidates_share_typed_projected_and_live_results ... ok
test excluded_decoder_is_skipped_only_under_explicit_uniform_contract ... ok
test builder_overrides_keep_opaque_selection_and_field_preflight ... ok
test malformed_native_responses_and_execution_failures_never_fall_back ... ok
test actual_native_candidates_still_require_current_disclosure_authority ... ok
test actual_native_index_skips_excluded_decoder_only_with_uniform_authority ... ok
test actual_native_storage_preserves_denial_before_limits_and_opaque_field_preflight ... ok

test result: ok. 11 passed; 0 failed; 0 ignored; 0 measured; 0 filtered out; finished in 0.44s

     Running tests/reactions.rs (/var/tmp/rom-release-measured-verification-target/debug/deps/reactions-fd2b6d4ccd3dbedc)

running 5 tests
test finite_work_budget_allows_receipt_resolution_but_no_new_execution ... ok
test persisted_work_lease_and_input_are_fenced ... ok
test saturated_work_rejects_entire_upstream_bundle ... ok
test native_commit_reopen_and_journal_retention ... ok
test native_precommit_failure_and_postcommit_loss_keep_obligations_atomic ... ok

test result: ok. 5 passed; 0 failed; 0 ignored; 0 measured; 0 filtered out; finished in 0.02s

     Running tests/receipt_versions.rs (/var/tmp/rom-release-measured-verification-target/debug/deps/receipt_versions-9190b37305612dce)

running 3 tests
test unmarked_receipt_uses_the_registered_version ... ok
test matching_receipt_replay_precedes_candidate_version_validation ... ok
test new_receipt_requires_the_registered_version_without_partial_writes ... ok

test result: ok. 3 passed; 0 failed; 0 ignored; 0 measured; 0 filtered out; finished in 0.01s

     Running tests/references.rs (/var/tmp/rom-release-measured-verification-target/debug/deps/references-ec91bfd9cc238d46)

running 25 tests
test redb::competing_runtime_owner_is_rejected ... ok
test redb::missing_direct_target_conflicts_without_a_receipt ... ok
test redb::incoming_source_restricts_deletion ... ok
test redb::missing_map_target_conflicts_without_a_receipt ... ok
test sqlite::competing_runtime_owner_is_rejected ... ok
test redb::own_reference_does_not_prevent_deletion ... ok
test redb::missing_list_target_conflicts_without_a_receipt ... ok
test sqlite::incoming_source_restricts_deletion ... ok
test sqlite::missing_list_target_conflicts_without_a_receipt ... ok
test sqlite::competing_adapter_create_delete_cannot_commit_dangling_reference ... ok
test redb::missing_nullable_target_conflicts_without_a_receipt ... ok
test redb::competing_adapter_create_delete_cannot_commit_dangling_reference ... ok
test sqlite::missing_nullable_target_conflicts_without_a_receipt ... ok
test sqlite::missing_map_target_conflicts_without_a_receipt ... ok
test sqlite::missing_direct_target_conflicts_without_a_receipt ... ok
test redb::old_receipt_replay_after_unlink_does_not_add_an_edge ... ok
test redb::clearing_nullable_list_and_map_links_allows_deletion ... ok
test redb::source_deletion_releases_target ... ok
test redb::omitted_kind_and_changed_schema_preserve_persisted_integrity ... ok
test sqlite::old_receipt_replay_after_unlink_does_not_add_an_edge ... ok
test sqlite::own_reference_does_not_prevent_deletion ... ok
test sqlite::source_deletion_releases_target ... ok
test sqlite::omitted_kind_and_changed_schema_preserve_persisted_integrity ... ok
test sqlite::clearing_nullable_list_and_map_links_allows_deletion ... ok
test sqlite_writes_only_changed_reference_edges ... ok

test result: ok. 25 passed; 0 failed; 0 ignored; 0 measured; 0 filtered out; finished in 0.02s

     Running tests/retention.rs (/var/tmp/rom-release-measured-verification-target/debug/deps/retention-0e7606cd49674868)

running 8 tests
test retention_child_exits_before_publication ... ignored, subprocess fixture invoked by retention_interruption_before_publication_is_retryable
test purged_tombstone_can_be_recreated_without_reviving_expired_requests ... ok
test retention_reclaims_bounded_receipt_and_effect_capacity ... ok
test legacy_native_format_cannot_import_nonzero_retry_epochs ... ok
test sealed_epoch_allows_replay_and_only_exact_causal_claim_for_fresh_work ... ok
test retention_interruption_before_publication_is_retryable ... ok
test retention_expires_even_retained_anchors_and_survives_reopen_backup ... ok
test current_format_migration_preserves_nonzero_epochs_receipts_and_work ... ok

test result: ok. 7 passed; 0 failed; 1 ignored; 0 measured; 0 filtered out; finished in 0.14s

     Running tests/retry_epochs.rs (/var/tmp/rom-release-measured-verification-target/debug/deps/retry_epochs-949bdf28becccc25)

running 2 tests
test trusted_fence_rejects_an_older_restored_backup ... ok
test sealed_epoch_drains_nonzero_root_actions_and_notifications_without_fresh_admission ... ok

test result: ok. 2 passed; 0 failed; 0 ignored; 0 measured; 0 filtered out; finished in 0.06s

     Running tests/runtime_reactions.rs (/var/tmp/rom-release-measured-verification-target/debug/deps/runtime_reactions-b785ea9520ab1f92)

running 9 tests
test runtime_worker_is_single_and_shutdown_joins_lifetime ... ok
test cancelled_batch_is_drained_and_materialized_work_survives_shutdown ... ok
test revoked_service_stops_without_touching_target ... ok
test actual_adapter_two_resource_chain_call_counts ... ok
test lost_target_ack_is_done_atomically_and_restart_does_not_repeat ... ok
test mapper_requires_all_historical_and_current_source_fields ... ok
test downstream_failure_preserves_upstream_then_restarts_and_retries_once ... ok
test revisiting_same_resource_can_converge ... ok
test noops_dependencies_and_oscillations_are_bounded ... ok

test result: ok. 9 passed; 0 failed; 0 ignored; 0 measured; 0 filtered out; finished in 0.12s

     Running tests/schema_migration.rs (/var/tmp/rom-release-measured-verification-target/debug/deps/schema_migration-b6f5da854911da64)

running 7 tests
test migration_child_exits_before_publication ... ignored, subprocess fixture invoked by native_schema_migration_interruption_is_retryable
test sqlite_format_seven_upgrade_validates_derived_index_records ... ok
test format_four_upgrade_requires_exact_valid_catalog ... ok
test native_schema_migration_interruption_is_retryable ... ok
test native_schema_migration_preserves_history_references_work_and_backup ... ok
test rejected_migration_never_publishes_or_modifies_source ... ok
test legacy_catalogued_formats_require_explicit_upgrade_or_migration_without_source_writes ... ok

test result: ok. 6 passed; 0 failed; 1 ignored; 0 measured; 0 filtered out; finished in 0.16s

     Running tests/shared.rs (/var/tmp/rom-release-measured-verification-target/debug/deps/shared-b134205ba7e6c3b9)

running 15 tests
test crash_child ... ignored, subprocess fixture invoked by shared_actual_subprocess_exit_at_every_write_and_commit_boundary
test redb_unknown_format_rejected_without_application_table_writes ... ok
test shared_missing_format_marker_on_nonempty_database_is_not_implicitly_migrated ... ok
test shared_same_identity_race_returns_one_receipt ... ok
test shared_delete_tombstone_and_invalid_revision_preserve_contract ... ok
test shared_revision_race_arbitrates_one_transition ... ok
test shared_legacy_tombstones_without_policy_context_fail_closed ... ok
test shared_bounded_snapshot_exact_limit_overflow_and_kind_isolation ... ok
test shared_lost_commit_acknowledgement_reopen_resolves_original_identity ... ok
test shared_open_rejects_oversized_encoded_row_before_deserializing ... ok
test shared_deleted_history_retains_private_authorization_across_restart ... ok
test shared_atomic_bundle_and_noop_identity_validation ... ok
test shared_core_typed_actions_work_without_application_repositories ... ok
test shared_rollback_after_every_write_and_before_commit ... ok
test shared_actual_subprocess_exit_at_every_write_and_commit_boundary ... ok

test result: ok. 14 passed; 0 failed; 1 ignored; 0 measured; 0 filtered out; finished in 0.15s

     Running tests/sqlite_index_recovery.rs (/var/tmp/rom-release-measured-verification-target/debug/deps/sqlite_index_recovery-8191e57620bf3631)

running 6 tests
test child_exits_after_index_validation_before_publication ... ignored, invoked by the process-exit parent
test rebuilding_derived_data_cannot_repair_missing_authoritative_receipt_proof ... ok
test logical_archive_fits_but_combined_native_index_budget_blocks_publication ... ok
test omitted_catalog_kinds_survive_registration_and_index_rebuild ... ok
test noncanonical_text_is_charged_then_decremented_and_rebuild_uses_destination_bytes ... ok
test process_exit_leaves_source_unchanged_and_no_published_index_rebuild ... ok

test result: ok. 5 passed; 0 failed; 1 ignored; 0 measured; 0 filtered out; finished in 0.01s

     Running tests/sqlite_offline_read.rs (/var/tmp/rom-release-measured-verification-target/debug/deps/sqlite_offline_read-61d36001900ddd19)

running 6 tests
test sqlite_wal_child ... ignored, invoked by parent to retain committed WAL without finalizers
test missing_source_never_creates_source_or_destination ... ok

running 1 test
test rollback_journal_requires_recovery_without_changing_source ... ok
test non_utf8_clean_source_path_is_preserved ... ok
test clean_source_stays_identical_after_success_and_rejected_conversion ... ok
test symlink_to_offline_dirty_source_reads_committed_wal ... ok

test result: ok. 5 passed; 0 failed; 1 ignored; 0 measured; 0 filtered out; finished in 0.01s

     Running tests/sqlite_query_index.rs (/var/tmp/rom-release-measured-verification-target/debug/deps/sqlite_query_index-b3d6b41a44b84318)

running 4 tests
test native_commit_replay_rollback_delete_and_reopen_are_coherent ... ok
test format_six_upgrade_preserves_retry_epochs_and_does_not_rebind_receipt_origins ... ok
test backup_restore_and_explicit_rebuild_preserve_logical_data_and_fence_indexes ... ok
test native_and_reference_resources_keep_same_residual_order_and_live_results ... ok

test result: ok. 4 passed; 0 failed; 0 ignored; 0 measured; 0 filtered out; finished in 0.39s

     Running tests/studio_discovery.rs (/var/tmp/rom-release-measured-verification-target/debug/deps/studio_discovery-4d5605249e2f5476)

running 3 tests
test invalid_input_metadata_and_unregistered_targets_fail_before_runtime ... ok
test enabling_presentation_metadata_does_not_change_native_catalog_or_values ... ok
test authorized_metadata_preserves_codec_bindings_and_hides_nested_targets ... ok

test result: ok. 3 passed; 0 failed; 0 ignored; 0 measured; 0 filtered out; finished in 0.01s

     Running tests/studio_resilience.rs (/var/tmp/rom-release-measured-verification-target/debug/deps/studio_resilience-92d9198002c7647c)

running 5 tests
test studio_resilience::query::query_policy_child ... ok

running 1 test
test studio_resilience::migration::seeded_strict_hold_and_operator_receipt_survive_native_migration_and_replay ... ok
test studio_resilience::migration::native_maintenance_requires_closed_owner_then_fresh_identity_and_current_replay ... ok
test studio_resilience::query::query_policy_child ... ok

test result: ok. 1 passed; 0 failed; 0 ignored; 0 measured; 4 filtered out; finished in 0.26s


running 1 test
test studio_resilience::authority::managed_identity_change_denies_accepted_proposal_and_all_subsequent_disclosure ... ok
test studio_resilience::query::query_policy_child ... ok

test result: ok. 1 passed; 0 failed; 0 ignored; 0 measured; 4 filtered out; finished in 0.26s


running 1 test
test studio_resilience::query::query_policy_child ... ok

test result: ok. 1 passed; 0 failed; 0 ignored; 0 measured; 4 filtered out; finished in 0.35s


running 1 test
test studio_resilience::query::query_policy_child ... ok

test result: ok. 1 passed; 0 failed; 0 ignored; 0 measured; 4 filtered out; finished in 0.36s

test studio_resilience::query::reentrant_native_storage_policy_completes_on_reference_and_eligible_query_paths ... ok

test result: ok. 5 passed; 0 failed; 0 ignored; 0 measured; 0 filtered out; finished in 1.25s

     Running tests/transitions.rs (/var/tmp/rom-release-measured-verification-target/debug/deps/transitions-46b86e6097210a47)

running 4 tests
test transition_sees_normalized_previous_and_candidate_values ... ok
test validator_panic_does_not_poison_commit_gate_and_cannot_grant_authority ... ok
test every_mutation_path_validates_and_rejection_is_atomic ... ok
test receipts_do_not_revalidate_obsolete_transitions_but_authority_still_applies ... ok

test result: ok. 4 passed; 0 failed; 0 ignored; 0 measured; 0 filtered out; finished in 0.01s

     Running tests/upgrade.rs (/var/tmp/rom-release-measured-verification-target/debug/deps/upgrade-1dd1af631e5eeed5)

running 10 tests
test legacy_redb_child_exits_with_writable_handle ... ignored, actual process fixture for a dirty legacy redb header
test upgrade_child_exits_before_publication ... ignored, actual child-process fixture used by native_upgrade_interruption_before_publication_is_retryable
test native_upgrade_refuses_existing_destination_and_never_creates_missing_source ... ok
test ordinary_open_rejects_legacy_format_without_modifying_source ... ok
test sqlite_upgrade_reads_committed_wal_without_changing_source ... ok
test ordinary_open_rejects_dirty_legacy_redb_without_repairing_source ... ok
test native_upgrade_fences_active_work_claims_without_losing_attempts ... ok
test explicit_native_upgrade_preserves_durable_records_and_enforces_references ... ok
test native_upgrade_interruption_before_publication_is_retryable ... ok
test invalid_native_upgrade_leaves_source_unchanged_and_destination_absent ... ok

test result: ok. 8 passed; 0 failed; 2 ignored; 0 measured; 0 filtered out; finished in 0.03s

     Running unittests src/lib.rs (/var/tmp/rom-release-measured-verification-target/debug/deps/rom_studio_host-e5231efae2035cea)

running 20 tests
test csrf_tests::unsafe_requests_require_one_exact_origin_without_normalizing_attacker_input ... ok
test csrf_tests::duplicate_cookie_names_cannot_select_a_different_session ... ok
test assets_tests::inventory_refuses_symbolic_links_instead_of_following_them ... ok
test assets_tests::navigation_fallback_does_not_serve_unknown_assets_or_traversal ... ok
test assets_tests::asset_inventory_bounds_are_enforced_before_serving ... ok
test login_tests::finite_attempt_admission_recovers_capacity_after_expiry ... ok
test login_tests::consumed_state_is_one_use_and_browser_and_provider_bound ... ok
test backchannel_tests::internal_routing_changes_neither_public_claims_nor_other_provider_routes ... ok
test oidc_tests::original_expiry_parser_is_a_bound_not_an_authenticator ... ok
test session_tests::cookie_and_csrf_secrets_are_independent_and_opaque ... ok
test oidc_tests::key_sets_reject_duplicate_ids_and_token_selected_trust_fields ... ok
test lifecycle_tests::cancelled_caller_keeps_admission_until_owned_work_finishes ... ok
test session_tests::expired_sessions_release_capacity_and_never_extend_identity_expiry ... ok
test session_tests::shutdown_closes_existing_sessions_and_prevents_new_admission ... ok
test session_tests::transient_admission_failure_does_not_log_out_a_valid_session ... ok
test session_tests::logout_cancels_all_session_observers_without_revoking_other_sessions ... ok
test assets_tests::empty_directory_trees_cannot_bypass_inventory_work_limits ... ok
test oidc_tests::client_secret_basic_uses_form_encoding_in_actual_network_header ... ok
test lifecycle_tests::cancelled_drain_waiter_cannot_abandon_owned_authentication_work ... ok
test shutdown_tests::authentication_failure_does_not_skip_accepted_blob_drain ... ok

test result: ok. 20 passed; 0 failed; 0 ignored; 0 measured; 0 filtered out; finished in 0.05s

     Running tests/backchannel.rs (/var/tmp/rom-release-measured-verification-target/debug/deps/backchannel-73845c27bb5f6777)

running 2 tests
test trusted_backchannel_keeps_public_https_identity ... ok
test rejects_unbound_or_ambiguous_backchannels ... ok

test result: ok. 2 passed; 0 failed; 0 ignored; 0 measured; 0 filtered out; finished in 0.00s

     Running tests/coherence.rs (/var/tmp/rom-release-measured-verification-target/debug/deps/coherence-a5b5502b88e80dbc)

running 2 tests
test impossible_body_admission_is_rejected_without_a_semaphore_panic ... ok
test blob_transport_requires_exact_shared_runtime_not_a_similar_configuration ... ok

test result: ok. 2 passed; 0 failed; 0 ignored; 0 measured; 0 filtered out; finished in 0.02s

     Running tests/configuration.rs (/var/tmp/rom-release-measured-verification-target/debug/deps/configuration-80a9715fb84062ce)

running 3 tests
test loopback_exception_cannot_enable_plaintext_network_deployment ... ok
test pins_exact_public_origin_and_confines_all_provider_endpoints ... ok
test rejects_ambiguous_paths_duplicate_authorities_and_zero_limits ... ok

test result: ok. 3 passed; 0 failed; 0 ignored; 0 measured; 0 filtered out; finished in 0.00s

     Running tests/configuration_root.rs (/var/tmp/rom-release-measured-verification-target/debug/deps/configuration_root-6080b843b987a31c)

running 1 test
test root_mount_is_valid_without_an_empty_slice_panic ... ok

test result: ok. 1 passed; 0 failed; 0 ignored; 0 measured; 0 filtered out; finished in 0.00s

     Running tests/host.rs (/var/tmp/rom-release-measured-verification-target/debug/deps/host-cfc348188b4ff087)

running 1 test
test host_mounts_assets_and_session_without_accepting_browser_actor_shortcuts ... ok

test result: ok. 1 passed; 0 failed; 0 ignored; 0 measured; 0 filtered out; finished in 0.04s

     Running tests/human.rs (/var/tmp/rom-release-measured-verification-target/debug/deps/human-ebbee64b537ec8a1)

running 3 tests
oidc-provider WARNING: a quick start development-only in-memory adapter is used, you MUST change it in order to not lose all stateful provider data upon restart and to be able to share these between processes
oidc-provider WARNING: a quick start development-only in-memory adapter is used, you MUST change it in order to not lose all stateful provider data upon restart and to be able to share these between processes
oidc-provider WARNING: a quick start development-only in-memory adapter is used, you MUST change it in order to not lose all stateful provider data upon restart and to be able to share these between processes
test logout_closes_stalled_current_identity_bind ... ok
test expiry_rechecks_original_lease_after_current_bind_fails ... ok
oidc-provider WARNING: a quick start development-only in-memory adapter is used, you MUST change it in order to not lose all stateful provider data upon restart and to be able to share these between processes
test actual_provider_login_binds_current_resources_and_protects_generic_api ... ok

test result: ok. 3 passed; 0 failed; 0 ignored; 0 measured; 0 filtered out; finished in 1.47s

   Doc-tests rom

running 2 tests
test crates/rom/src/lib.rs - (line 3) ... ok
test crates/rom/src/channels.rs - channels (line 3) ... ok

test result: ok. 2 passed; 0 failed; 0 ignored; 0 measured; 0 filtered out; finished in 0.00s

all doctests ran in 0.29s; merged doctests compilation took 0.28s
   Doc-tests rom_auth

running 2 tests
test crates/rom-auth/src/jwt.rs - jwt (line 4) - compile ... ok
test crates/rom-auth/src/oidc.rs - oidc (line 8) - compile ... ok

test result: ok. 2 passed; 0 failed; 0 ignored; 0 measured; 0 filtered out; finished in 0.00s


running 2 tests
test crates/rom-auth/src/jwt.rs - jwt (line 21) - compile fail ... ok
test crates/rom-auth/src/identity.rs - identity::VerifiedIdentity (line 17) - compile fail ... ok

test result: ok. 2 passed; 0 failed; 0 ignored; 0 measured; 0 filtered out; finished in 0.04s

all doctests ran in 0.25s; merged doctests compilation took 0.21s
   Doc-tests rom_backup

running 0 tests

test result: ok. 0 passed; 0 failed; 0 ignored; 0 measured; 0 filtered out; finished in 0.00s

   Doc-tests rom_blob

running 1 test
test crates/rom-blob/src/lib.rs - (line 9) - compile ... ok

test result: ok. 1 passed; 0 failed; 0 ignored; 0 measured; 0 filtered out; finished in 0.00s

all doctests ran in 0.22s; merged doctests compilation took 0.22s
   Doc-tests rom_blob_object_store

running 0 tests

test result: ok. 0 passed; 0 failed; 0 ignored; 0 measured; 0 filtered out; finished in 0.00s

   Doc-tests rom_config

running 1 test
test crates/rom-config/src/lib.rs - (line 15) ... ok

test result: ok. 1 passed; 0 failed; 0 ignored; 0 measured; 0 filtered out; finished in 0.00s

all doctests ran in 0.25s; merged doctests compilation took 0.25s
   Doc-tests rom_conformance

running 0 tests

test result: ok. 0 passed; 0 failed; 0 ignored; 0 measured; 0 filtered out; finished in 0.00s

   Doc-tests rom_consumer

running 0 tests

test result: ok. 0 passed; 0 failed; 0 ignored; 0 measured; 0 filtered out; finished in 0.00s

   Doc-tests rom_demo

running 0 tests

test result: ok. 0 passed; 0 failed; 0 ignored; 0 measured; 0 filtered out; finished in 0.00s

   Doc-tests rom_derive

running 0 tests

test result: ok. 0 passed; 0 failed; 0 ignored; 0 measured; 0 filtered out; finished in 0.00s

   Doc-tests rom_http

running 0 tests

test result: ok. 0 passed; 0 failed; 0 ignored; 0 measured; 0 filtered out; finished in 0.00s

   Doc-tests rom_identity

running 1 test
test crates/rom-identity/src/lib.rs - (line 20) ... ok

test result: ok. 1 passed; 0 failed; 0 ignored; 0 measured; 0 filtered out; finished in 0.00s


running 1 test
test crates/rom-identity/src/binding.rs - binding::ActivatedIdentity (line 123) - compile fail ... ok

test result: ok. 1 passed; 0 failed; 0 ignored; 0 measured; 0 filtered out; finished in 0.03s

all doctests ran in 0.29s; merged doctests compilation took 0.25s
   Doc-tests rom_query_measure

running 0 tests

test result: ok. 0 passed; 0 failed; 0 ignored; 0 measured; 0 filtered out; finished in 0.00s

   Doc-tests rom_redb

running 0 tests

test result: ok. 0 passed; 0 failed; 0 ignored; 0 measured; 0 filtered out; finished in 0.00s

   Doc-tests rom_sqlite

running 0 tests

test result: ok. 0 passed; 0 failed; 0 ignored; 0 measured; 0 filtered out; finished in 0.00s

   Doc-tests rom_studio_host

running 0 tests

test result: ok. 0 passed; 0 failed; 0 ignored; 0 measured; 0 filtered out; finished in 0.00s

warning: output filename collision at /var/tmp/rom-release-measured-verification-target/doc/rom/index.html
  |
  = note: the bin target `rom` in package `rom-cli v0.0.2 (/workspace/ROM/.worktrees/release-query-index/crates/rom-cli)` has the same output filename as the lib target `rom` in package `rom v0.0.2 (/workspace/ROM/.worktrees/release-query-index/crates/rom)`
  = note: this is a known bug where multiple crates with the same name use the same path; see <https://github.com/rust-lang/cargo/issues/6313>
    Checking rom v0.0.2 (/workspace/ROM/.worktrees/release-query-index/crates/rom)
    Checking rom-auth v0.0.2 (/workspace/ROM/.worktrees/release-query-index/crates/rom-auth)
 Documenting rom-derive v0.0.2 (/workspace/ROM/.worktrees/release-query-index/crates/rom-derive)
 Documenting rom-auth v0.0.2 (/workspace/ROM/.worktrees/release-query-index/crates/rom-auth)
 Documenting rom v0.0.2 (/workspace/ROM/.worktrees/release-query-index/crates/rom)
    Checking rom-backup v0.0.2 (/workspace/ROM/.worktrees/release-query-index/crates/rom-backup)
    Checking rom-blob v0.0.2 (/workspace/ROM/.worktrees/release-query-index/crates/rom-blob)
    Checking rom-identity v0.0.2 (/workspace/ROM/.worktrees/release-query-index/crates/rom-identity)
    Checking rom-sqlite v0.0.2 (/workspace/ROM/.worktrees/release-query-index/crates/rom-sqlite)
    Checking rom-http v0.0.2 (/workspace/ROM/.worktrees/release-query-index/crates/rom-http)
    Checking rom-redb v0.0.2 (/workspace/ROM/.worktrees/release-query-index/crates/rom-redb)
    Checking rom-query-measure v0.0.2 (/workspace/ROM/.worktrees/release-query-index/tools/query-measure)
 Documenting rom-query-measure v0.0.2 (/workspace/ROM/.worktrees/release-query-index/tools/query-measure)
    Checking rom-blob-object-store v0.0.2 (/workspace/ROM/.worktrees/release-query-index/crates/rom-blob-object-store)
    Checking rom-config v0.0.2 (/workspace/ROM/.worktrees/release-query-index/crates/rom-config)
 Documenting rom-demo v0.0.2 (/workspace/ROM/.worktrees/release-query-index/demo)
 Documenting rom-consumer v0.0.2 (/workspace/ROM/.worktrees/release-query-index/examples/consumer)
 Documenting rom-studio-host v0.0.2 (/workspace/ROM/.worktrees/release-query-index/crates/rom-studio-host)
 Documenting rom-sqlite v0.0.2 (/workspace/ROM/.worktrees/release-query-index/crates/rom-sqlite)
 Documenting rom-redb v0.0.2 (/workspace/ROM/.worktrees/release-query-index/crates/rom-redb)
 Documenting rom-blob-object-store v0.0.2 (/workspace/ROM/.worktrees/release-query-index/crates/rom-blob-object-store)
 Documenting rom-backup v0.0.2 (/workspace/ROM/.worktrees/release-query-index/crates/rom-backup)
 Documenting rom-blob v0.0.2 (/workspace/ROM/.worktrees/release-query-index/crates/rom-blob)
 Documenting rom-config v0.0.2 (/workspace/ROM/.worktrees/release-query-index/crates/rom-config)
 Documenting rom-conformance v0.0.2 (/workspace/ROM/.worktrees/release-query-index/crates/rom-conformance)
 Documenting rom-http v0.0.2 (/workspace/ROM/.worktrees/release-query-index/crates/rom-http)
 Documenting rom-identity v0.0.2 (/workspace/ROM/.worktrees/release-query-index/crates/rom-identity)
 Documenting rom-cli v0.0.2 (/workspace/ROM/.worktrees/release-query-index/crates/rom-cli)
    Finished `dev` profile [unoptimized + debuginfo] target(s) in 4.59s
   Generated /var/tmp/rom-release-measured-verification-target/doc/rom/index.html and 17 other files
    Checking rom v0.0.2 (/workspace/ROM/.worktrees/release-query-index/crates/rom)
    Finished `dev` profile [unoptimized + debuginfo] target(s) in 1.26s
   Compiling rom-derive v0.0.2 (/workspace/ROM/.worktrees/release-query-index/crates/rom-derive)
   Compiling rom v0.0.2 (/workspace/ROM/.worktrees/release-query-index/crates/rom)
   Compiling rom-backup v0.0.2 (/workspace/ROM/.worktrees/release-query-index/crates/rom-backup)
   Compiling rom-sqlite v0.0.2 (/workspace/ROM/.worktrees/release-query-index/crates/rom-sqlite)
   Compiling rom-consumer v0.0.2 (/workspace/ROM/.worktrees/release-query-index/examples/consumer)
    Finished `dev` profile [unoptimized + debuginfo] target(s) in 7.66s
     Running `/var/tmp/rom-release-measured-verification-target/debug/rom-consumer`
open task membership: 1
after complete: 0
settings: [Snapshot { id: "preferences", revision: 2, value: Some(Setting { owner: "alice", enabled: true, attempts: 1 }) }]
state/event/receipt/effect counts: [2, 4, 4, 1]
error: cannot update the lock file /workspace/ROM/.worktrees/release-query-index/tests/compile/Cargo.lock because --locked was passed to prevent this
help: to generate the lock file without accessing the network, remove the --locked flag and use --offline instead.
 
file:///workspace/ROM/.worktrees/release-query-index/tests/compile/check.mjs:8
 if(result.status===0||!error){console.error(result.stderr,result.stdout);throw Error(`${name}: missing expected primary diagnostic at source line ${line}`);}
                                                                                ^

Error: resource_version_zero: missing expected primary diagnostic at source line 3
    at file:///workspace/ROM/.worktrees/release-query-index/tests/compile/check.mjs:8:81
    at ModuleJob.run (node:internal/modules/esm/module_job:274:25)
    at async onImport.tracePromise.__proto__ (node:internal/modules/esm/loader:644:26)
    at async asyncRunEntryPointWithESMLoader (node:internal/modules/run_main:117:5)

Node.js v22.16.0
